name,department,original_price,discounted_price,availability_count
Lightweight Iron Knife,Tools & Computers,62.01,43.41,38
Mediocre Aluminum Clock,Clothing & Jewelery,17.67,12.37,6
Aerodynamic Iron Knife,Beauty,20.92,14.64,48
Practical Wool Bench,Health & Grocery,50.76,35.53,47
Fantastic Linen Chair,"Grocery, Outdoors & Shoes",19.53,13.67,37
Rustic Silk Lamp,"Clothing, Games & Computers",41.19,28.83,47
Heavy Duty Wool Bag,"Shoes, Clothing & Outdoors",28.77,20.14,46
Durable Aluminum Lamp,Music & Clothing,81.61,57.13,39
Incredible Copper Watch,Electronics,63.91,44.74,33
Sleek Cotton Computer,"Grocery, Industrial & Books",61.37,42.96,26
Synergistic Wool Bag,"Kids, Music & Computers",63.37,44.36,17
Aerodynamic Wooden Computer,"Movies, Toys & Garden",62.2,43.54,41
Awesome Aluminum Shirt,Electronics & Baby,84.53,59.17,40
Gorgeous Aluminum Table,"Baby, Electronics & Outdoors",81.79,57.25,43
Synergistic Wool Hat,Games & Jewelery,77.13,53.99,2
Small Wool Pants,Electronics & Sports,41.51,29.06,31
Ergonomic Steel Bench,Garden & Jewelery,9.92,6.94,3
Practical Cotton Bench,Books & Home,35.05,24.53,25
Incredible Copper Pants,Toys & Beauty,24.43,17.1,42
Gorgeous Steel Coat,"Automotive, Books & Grocery",55.03,38.52,12
Lightweight Steel Hat,Kids & Industrial,92.57,64.8,37
Gorgeous Concrete Bag,"Grocery, Health & Toys",69.71,48.8,46
Awesome Marble Car,"Shoes, Health & Games",48.96,34.27,26
Sleek Rubber Bottle,Garden,47.46,33.22,37
Aerodynamic Bronze Bottle,Automotive,95.2,66.64,21
Heavy Duty Marble Knife,Jewelery & Home,70.5,49.35,13
Durable Copper Bottle,Shoes,86.93,60.85,18
Practical Iron Bag,Jewelery,75.82,53.07,2
Synergistic Cotton Knife,Toys & Games,80.98,56.69,0
Mediocre Aluminum Clock,"Toys, Music & Automotive",82.41,57.69,30
Fantastic Silk Watch,Games,90.6,63.42,9
Ergonomic Leather Shirt,Grocery & Books,49.42,34.59,14
Incredible Steel Coat,Tools & Health,70.96,49.67,18
Fantastic Cotton Keyboard,Garden,48.67,34.07,37
Small Rubber Car,Clothing,15.43,10.8,6
Synergistic Bronze Keyboard,Jewelery,3.46,2.42,37
Gorgeous Copper Lamp,"Tools, Toys & Books",13.97,9.78,7
Awesome Linen Clock,Electronics,98.0,68.6,40
Enormous Steel Car,"Automotive, Books & Tools",16.57,11.6,47
Small Silk Lamp,Sports,34.32,24.02,49
Heavy Duty Marble Car,Electronics & Sports,42.59,29.81,6
Fantastic Silk Gloves,Garden,70.38,49.27,15
Fantastic Wooden Clock,Toys & Baby,5.88,4.12,34
Synergistic Linen Pants,"Electronics, Garden & Books",75.86,53.1,8
Gorgeous Copper Gloves,"Toys, Shoes & Beauty",45.8,32.06,0
Fantastic Leather Shoes,Home & Computers,7.43,5.2,40
Fantastic Granite Gloves,Games & Electronics,72.55,50.79,23
Sleek Bronze Chair,"Clothing, Kids & Automotive",28.68,20.08,20
Incredible Iron Chair,"Automotive, Books & Shoes",91.88,64.32,47
Mediocre Rubber Keyboard,"Health, Clothing & Computers",89.66,62.76,14
Durable Marble Watch,Toys & Industrial,34.37,24.06,12
Synergistic Granite Knife,Health & Movies,4.84,3.39,40
Sleek Copper Pants,Games,44.14,30.9,18
Durable Leather Hat,"Movies, Books & Toys",60.4,42.28,15
Small Linen Shoes,Grocery & Computers,58.76,41.13,45
Aerodynamic Wooden Shoes,"Grocery, Health & Games",41.69,29.18,1
Practical Rubber Clock,"Toys, Outdoors & Books",13.26,9.28,2
Enormous Concrete Keyboard,Automotive & Clothing,24.21,16.95,28
Fantastic Wooden Coat,"Industrial, Beauty & Clothing",36.42,25.49,39
Ergonomic Steel Knife,Home & Computers,73.87,51.71,38
Incredible Wooden Shoes,"Electronics, Games & Tools",85.5,59.85,47
Gorgeous Wooden Chair,Toys,32.43,22.7,0
Durable Rubber Shoes,Outdoors,15.48,10.84,35
Synergistic Aluminum Bench,"Electronics, Industrial & Toys",48.49,33.94,8
Incredible Cotton Watch,Outdoors & Computers,67.02,46.91,27
Fantastic Marble Hat,Beauty & Music,19.56,13.69,45
Intelligent Paper Table,"Automotive, Home & Shoes",3.74,2.62,28
Aerodynamic Paper Lamp,"Automotive, Computers & Beauty",33.89,23.72,27
Incredible Concrete Lamp,Garden,59.44,41.61,8
Enormous Marble Table,Clothing,62.37,43.66,35
Gorgeous Plastic Pants,"Baby, Toys & Automotive",76.41,53.49,41
Durable Iron Wallet,Movies & Toys,65.12,45.58,26
Practical Aluminum Car,Electronics,53.51,37.46,43
Rustic Concrete Wallet,Electronics & Health,74.16,51.91,22
Heavy Duty Wooden Plate,Shoes,51.15,35.81,1
Gorgeous Silk Knife,Grocery,44.39,31.07,26
Small Copper Computer,Shoes & Movies,42.17,29.52,34
Incredible Wool Watch,Automotive,74.01,51.81,48
Fantastic Wooden Hat,"Toys, Jewelery & Beauty",56.05,39.23,42
Awesome Marble Watch,Sports & Grocery,21.62,15.13,40
Sleek Concrete Clock,Toys,72.39,50.67,29
Gorgeous Cotton Knife,Shoes,92.49,64.74,20
Durable Concrete Keyboard,Grocery & Home,81.69,57.18,15
Aerodynamic Silk Gloves,"Movies, Electronics & Outdoors",82.45,57.72,12
Synergistic Concrete Lamp,Automotive,94.21,65.95,12
Awesome Steel Clock,Computers & Jewelery,72.69,50.88,48
Durable Linen Hat,Grocery & Sports,29.7,20.79,3
Mediocre Steel Computer,Tools,76.11,53.28,31
Heavy Duty Concrete Gloves,"Beauty, Garden & Health",40.06,28.04,22
Mediocre Bronze Bench,Music,77.46,54.22,35
Small Silk Pants,"Outdoors, Beauty & Tools",46.96,32.87,27
Awesome Paper Hat,Computers,65.14,45.6,16
Intelligent Silk Table,"Shoes, Beauty & Computers",82.39,57.67,45
Fantastic Bronze Bottle,Jewelery & Books,78.24,54.77,46
Durable Leather Watch,Baby & Garden,51.19,35.83,0
Heavy Duty Marble Lamp,Kids,47.4,33.18,6
Aerodynamic Bronze Plate,Baby & Kids,86.17,60.32,32
Enormous Plastic Hat,Computers,21.2,14.84,2
Fantastic Bronze Watch,Movies,43.58,30.51,27
Fantastic Leather Clock,Baby & Kids,38.53,26.97,8
Sleek Iron Knife,"Grocery, Clothing & Movies",6.42,4.49,36
Lightweight Concrete Clock,"Kids, Sports & Baby",50.02,35.01,50
Rustic Plastic Chair,"Home, Industrial & Health",61.37,42.96,22
Heavy Duty Wool Lamp,Garden,41.26,28.88,34
Small Aluminum Bottle,Computers,48.91,34.24,23
Rustic Steel Knife,Sports,95.3,66.71,10
Sleek Rubber Hat,"Toys, Outdoors & Sports",37.71,26.4,14
Sleek Leather Bottle,Home,28.98,20.29,41
Awesome Silk Coat,Movies & Automotive,10.41,7.29,29
Small Paper Bottle,Kids,23.46,16.42,30
Mediocre Plastic Clock,Kids & Toys,88.45,61.92,14
Incredible Bronze Shoes,"Automotive, Baby & Clothing",68.51,47.96,7
Small Bronze Car,"Kids, Health & Automotive",68.06,47.64,47
Ergonomic Linen Clock,Kids,20.85,14.6,30
Awesome Marble Computer,"Books, Electronics & Computers",99.81,69.87,27
Durable Wool Lamp,Home,2.86,2.0,33
Lightweight Copper Clock,"Music, Books & Sports",62.9,44.03,22
Aerodynamic Rubber Shoes,"Garden, Home & Games",50.99,35.69,35
Enormous Granite Chair,Books,54.26,37.98,49
Durable Linen Hat,Kids & Tools,40.62,28.43,42
Rustic Aluminum Watch,Clothing,88.39,61.87,33
Small Linen Table,Electronics & Baby,33.8,23.66,15
Durable Plastic Knife,Toys & Automotive,49.25,34.47,17
Rustic Bronze Keyboard,Toys & Kids,34.16,23.91,9
Ergonomic Granite Knife,"Garden, Games & Baby",94.8,66.36,12
Gorgeous Paper Computer,Tools,6.8,4.76,25
Awesome Wool Knife,"Shoes, Computers & Toys",97.97,68.58,41
Mediocre Bronze Bench,"Garden, Games & Music",74.72,52.3,4
Aerodynamic Iron Clock,Kids,29.23,20.46,29
Incredible Wool Wallet,"Kids, Books & Clothing",17.66,12.36,37
Rustic Concrete Clock,"Beauty, Automotive & Baby",66.2,46.34,50
Gorgeous Linen Shirt,Shoes & Clothing,25.52,17.86,10
Enormous Paper Chair,Garden,41.54,29.08,30
Fantastic Linen Hat,Books,35.8,25.06,27
Gorgeous Paper Coat,Electronics,4.99,3.49,37
Gorgeous Copper Wallet,"Beauty, Movies & Garden",93.84,65.69,17
Awesome Aluminum Keyboard,Books & Shoes,61.58,43.11,37
Small Silk Bag,Automotive & Home,63.9,44.73,46
Mediocre Wooden Table,"Music, Sports & Books",84.74,59.32,35
Ergonomic Bronze Watch,Jewelery & Electronics,21.55,15.09,27
Ergonomic Concrete Table,Toys & Tools,74.13,51.89,35
Practical Iron Clock,Music & Kids,48.8,34.16,48
Enormous Steel Knife,Movies & Beauty,98.58,69.01,27
Mediocre Steel Clock,Electronics & Computers,58.57,41.0,35
Durable Wooden Plate,Electronics,70.11,49.08,8
Heavy Duty Concrete Coat,"Movies, Garden & Books",98.8,69.16,38
Heavy Duty Steel Bottle,Beauty & Baby,84.62,59.23,30
Gorgeous Wooden Pants,Electronics & Computers,28.87,20.21,1
Enormous Linen Chair,Home,16.69,11.68,6
Incredible Wooden Hat,Jewelery & Music,63.54,44.48,45
Incredible Wool Watch,"Tools, Home & Computers",17.79,12.45,8
Sleek Marble Lamp,"Games, Sports & Baby",5.39,3.77,50
Small Wooden Knife,Jewelery,76.08,53.26,13
Small Iron Bag,Garden & Sports,79.81,55.87,6
Enormous Marble Computer,"Sports, Industrial & Electronics",46.57,32.6,0
Synergistic Steel Computer,Tools & Health,50.6,35.42,22
Heavy Duty Bronze Computer,Electronics,14.34,10.04,5
Awesome Leather Bench,Shoes & Computers,55.74,39.02,42
Gorgeous Concrete Shirt,Shoes,85.32,59.72,37
Rustic Rubber Computer,"Electronics, Industrial & Shoes",24.7,17.29,24
Small Paper Watch,Outdoors,19.21,13.45,30
Heavy Duty Cotton Lamp,Home,66.07,46.25,44
Incredible Granite Pants,Outdoors & Health,62.13,43.49,41
Enormous Silk Watch,Games & Outdoors,76.77,53.74,23
Mediocre Cotton Bottle,Baby & Grocery,32.11,22.48,31
Aerodynamic Linen Bag,Games & Shoes,71.22,49.85,4
Enormous Linen Gloves,"Kids, Industrial & Shoes",99.83,69.88,32
Rustic Copper Plate,Garden & Shoes,59.01,41.31,44
Awesome Marble Knife,Health & Garden,31.47,22.03,41
Fantastic Paper Car,Shoes,85.45,59.82,31
Mediocre Leather Wallet,"Electronics, Clothing & Industrial",35.64,24.95,46
Lightweight Wooden Coat,"Toys, Industrial & Beauty",12.33,8.63,33
Aerodynamic Marble Pants,Books,95.75,67.02,1
Gorgeous Granite Clock,Movies,83.9,58.73,16
Lightweight Silk Clock,Toys,57.45,40.21,21
Incredible Granite Car,Outdoors & Baby,96.38,67.47,20
Heavy Duty Wooden Pants,Kids,74.91,52.44,33
Synergistic Linen Watch,Electronics,96.64,67.65,49
Enormous Paper Table,Games,1.69,1.18,5
Rustic Leather Chair,"Games, Movies & Toys",4.78,3.35,42
Durable Marble Knife,Electronics,40.1,28.07,20
Gorgeous Linen Shirt,"Toys, Games & Sports",67.22,47.05,44
Durable Wool Lamp,Movies,99.82,69.87,3
Small Cotton Shirt,Movies,3.2,2.24,28
Synergistic Paper Lamp,Home,75.04,52.53,27
Gorgeous Paper Keyboard,Baby,31.2,21.84,6
Sleek Silk Bottle,"Computers, Baby & Kids",55.24,38.67,3
Enormous Linen Gloves,"Games, Grocery & Toys",83.7,58.59,46
Small Copper Bench,Computers,50.27,35.19,30
Practical Bronze Pants,Health,34.46,24.12,1
Intelligent Paper Shirt,"Books, Beauty & Outdoors",70.61,49.43,21
Sleek Leather Shirt,"Jewelery, Sports & Grocery",73.31,51.32,14
Sleek Linen Hat,Electronics & Sports,74.39,52.07,50
Rustic Leather Gloves,Computers & Movies,56.52,39.56,3
Rustic Silk Hat,"Music, Jewelery & Garden",34.62,24.23,29
Synergistic Linen Shirt,Electronics,39.68,27.78,44
Awesome Copper Clock,Computers,91.99,64.39,10
Awesome Marble Computer,"Tools, Grocery & Outdoors",81.55,57.08,42
Heavy Duty Iron Car,"Tools, Clothing & Garden",12.93,9.05,40
Rustic Wooden Computer,Industrial,97.3,68.11,31
Sleek Marble Bench,"Toys, Computers & Outdoors",99.27,69.49,26
Rustic Marble Watch,"Clothing, Shoes & Automotive",6.52,4.56,40
Rustic Aluminum Pants,Music,89.0,62.3,25
Intelligent Steel Watch,Toys,44.38,31.07,19
Durable Granite Knife,Beauty,98.04,68.63,26
Ergonomic Cotton Coat,Shoes & Garden,8.79,6.15,3
Ergonomic Iron Wallet,Industrial,84.95,59.47,12
Small Cotton Clock,"Outdoors, Toys & Books",92.41,64.69,0
Incredible Granite Clock,"Grocery, Electronics & Toys",68.28,47.8,11
Gorgeous Steel Chair,Clothing,96.92,67.84,48
Awesome Iron Knife,Home,74.32,52.02,35
Aerodynamic Concrete Clock,Home,75.76,53.03,35
Gorgeous Leather Shirt,Toys & Baby,57.6,40.32,39
Rustic Aluminum Bottle,"Tools, Shoes & Automotive",2.26,1.58,43
Heavy Duty Bronze Chair,Grocery,78.52,54.96,45
Sleek Leather Clock,"Garden, Electronics & Books",84.68,59.28,43
Lightweight Plastic Wallet,Music,34.77,24.34,0
Intelligent Silk Bag,Clothing,34.03,23.82,1
Ergonomic Silk Car,Toys,79.44,55.61,39
Lightweight Paper Chair,"Garden, Shoes & Industrial",91.47,64.03,35
Ergonomic Leather Bag,Jewelery & Movies,81.09,56.76,33
Sleek Plastic Shirt,"Grocery, Industrial & Books",42.61,29.83,16
Sleek Bronze Keyboard,"Music, Tools & Computers",41.31,28.92,46
Durable Linen Bench,Industrial & Electronics,92.7,64.89,8
Durable Wool Pants,"Sports, Electronics & Toys",92.45,64.72,39
Fantastic Wool Watch,Outdoors,55.07,38.55,8
Awesome Steel Keyboard,"Books, Health & Sports",55.48,38.84,14
Incredible Marble Bench,"Tools, Games & Toys",83.39,58.37,11
Durable Paper Shirt,Automotive & Clothing,49.95,34.96,11
Ergonomic Wooden Watch,"Sports, Kids & Baby",54.26,37.98,8
Enormous Linen Plate,Clothing & Movies,40.59,28.41,10
Awesome Silk Computer,"Sports, Clothing & Kids",97.56,68.29,39
Heavy Duty Wool Bottle,"Books, Movies & Industrial",68.7,48.09,33
Synergistic Wool Hat,Garden & Tools,84.82,59.37,22
Ergonomic Aluminum Bench,"Beauty, Clothing & Automotive",74.05,51.83,49
Small Wool Knife,Books & Sports,24.51,17.16,34
Incredible Iron Hat,"Health, Movies & Books",57.58,40.31,34
Rustic Aluminum Shirt,"Books, Toys & Baby",1.07,0.75,23
Synergistic Granite Computer,Outdoors & Health,72.17,50.52,22
Awesome Wooden Keyboard,Books,33.63,23.54,24
Synergistic Aluminum Keyboard,Books,73.7,51.59,34
Enormous Plastic Lamp,"Beauty, Baby & Books",60.67,42.47,38
Mediocre Granite Gloves,"Sports, Garden & Jewelery",71.11,49.78,32
Incredible Marble Shoes,Shoes,46.84,32.79,7
Fantastic Wooden Lamp,Garden,19.23,13.46,9
Incredible Leather Bottle,Beauty & Games,36.97,25.88,43
Fantastic Iron Gloves,"Automotive, Computers & Movies",75.83,53.08,8
Gorgeous Steel Lamp,Health,10.35,7.24,22
Awesome Granite Hat,"Books, Toys & Movies",12.87,9.01,8
Lightweight Iron Bench,Games,92.93,65.05,25
Intelligent Granite Bag,"Electronics, Sports & Grocery",78.1,54.67,9
Heavy Duty Aluminum Clock,Sports & Baby,54.47,38.13,6
Mediocre Plastic Car,"Clothing, Kids & Games",37.57,26.3,6
Incredible Copper Plate,Games & Beauty,55.34,38.74,48
Incredible Silk Car,"Beauty, Health & Sports",99.73,69.81,14
Awesome Rubber Chair,"Baby, Kids & Jewelery",35.35,24.75,34
Incredible Cotton Hat,Beauty & Grocery,20.99,14.69,38
Practical Wooden Knife,Industrial & Movies,35.59,24.91,17
Fantastic Wooden Bag,Garden,89.98,62.99,6
Enormous Leather Car,"Computers, Clothing & Industrial",42.35,29.65,43
Ergonomic Paper Pants,"Industrial, Toys & Grocery",81.91,57.34,33
Awesome Aluminum Keyboard,Beauty & Home,11.97,8.38,38
Sleek Bronze Gloves,"Grocery, Kids & Tools",69.18,48.43,50
Ergonomic Rubber Pants,"Games, Industrial & Grocery",20.78,14.55,19
Practical Wooden Wallet,Toys & Grocery,65.66,45.96,19
Small Silk Bag,"Industrial, Beauty & Baby",47.04,32.93,15
Small Wooden Gloves,"Tools, Grocery & Beauty",76.25,53.38,15
Mediocre Linen Plate,Jewelery & Outdoors,45.43,31.8,2
Mediocre Granite Shirt,Computers & Shoes,33.73,23.61,10
Synergistic Concrete Watch,Kids & Sports,9.01,6.31,49
Aerodynamic Bronze Keyboard,"Grocery, Home & Outdoors",9.46,6.62,30
Awesome Copper Pants,Movies & Home,58.51,40.96,19
Lightweight Steel Chair,Automotive,68.14,47.7,21
Incredible Cotton Table,Games,87.3,61.11,16
Aerodynamic Aluminum Keyboard,Garden,80.03,56.02,10
Small Wooden Wallet,Jewelery & Tools,26.46,18.52,43
Intelligent Wooden Bag,Jewelery,66.87,46.81,9
Practical Wool Shoes,Music,52.69,36.88,6
Enormous Paper Lamp,Tools,2.04,1.43,38
Awesome Granite Chair,Games,61.32,42.92,14
Small Wooden Shoes,Electronics,27.76,19.43,28
Practical Leather Wallet,Grocery,38.61,27.03,27
Awesome Plastic Bench,Games & Clothing,78.07,54.65,43
Rustic Paper Lamp,Movies & Shoes,85.23,59.66,43
Sleek Wool Keyboard,Automotive & Movies,25.32,17.72,3
Mediocre Cotton Clock,Computers,62.08,43.46,8
Heavy Duty Rubber Bench,"Outdoors, Clothing & Sports",40.59,28.41,10
Intelligent Granite Clock,"Shoes, Beauty & Music",40.59,28.41,49
Practical Bronze Watch,Shoes & Automotive,97.87,68.51,34
Durable Linen Pants,Automotive & Beauty,66.55,46.58,20
Enormous Iron Computer,"Sports, Computers & Clothing",20.81,14.57,22
Lightweight Plastic Bag,Tools,27.52,19.26,38
Incredible Bronze Coat,"Books, Home & Jewelery",49.65,34.75,14
Mediocre Granite Bench,Music & Beauty,16.17,11.32,31
Aerodynamic Cotton Shirt,Shoes & Clothing,52.88,37.02,42
Incredible Wooden Clock,Industrial & Health,16.58,11.61,29
Intelligent Wool Bench,Clothing,14.05,9.83,46
Durable Leather Knife,Clothing,41.69,29.18,14
Synergistic Cotton Hat,"Shoes, Home & Computers",19.51,13.66,31
Practical Steel Knife,Electronics & Sports,32.37,22.66,15
Fantastic Copper Coat,"Garden, Electronics & Health",70.46,49.32,9
Gorgeous Iron Plate,"Movies, Outdoors & Books",96.94,67.86,31
Enormous Plastic Lamp,"Kids, Tools & Industrial",7.52,5.26,21
Aerodynamic Marble Wallet,Movies & Outdoors,94.88,66.42,29
Awesome Aluminum Gloves,Garden,10.29,7.2,26
Heavy Duty Bronze Shirt,Computers & Games,89.92,62.94,41
Ergonomic Steel Bag,Outdoors & Books,16.72,11.7,27
Rustic Aluminum Coat,"Tools, Music & Industrial",14.03,9.82,12
Practical Paper Wallet,Computers & Home,38.0,26.6,31
Sleek Concrete Shirt,"Music, Games & Sports",23.91,16.74,12
Lightweight Silk Bench,"Computers, Tools & Books",12.09,8.46,16
Enormous Wooden Hat,Toys,25.67,17.97,25
Mediocre Wool Chair,Movies & Books,48.66,34.06,24
Rustic Cotton Gloves,"Computers, Toys & Home",16.75,11.73,38
Rustic Copper Lamp,Kids & Shoes,82.11,57.48,6
Rustic Aluminum Plate,"Clothing, Industrial & Shoes",31.82,22.27,40
Small Wooden Knife,Automotive,68.56,47.99,29
Small Silk Clock,"Books, Kids & Automotive",93.45,65.41,38
Enormous Concrete Table,Electronics,92.57,64.8,29
Awesome Wool Wallet,"Tools, Computers & Garden",21.85,15.3,23
Gorgeous Steel Coat,Music,85.01,59.51,2
Gorgeous Aluminum Clock,Movies,31.98,22.39,46
Fantastic Rubber Bag,Outdoors & Grocery,26.94,18.86,3
Practical Silk Bench,Tools & Health,11.46,8.02,40
Synergistic Granite Computer,Sports,30.68,21.48,40
Lightweight Linen Bag,Electronics,69.12,48.38,32
Aerodynamic Wooden Shoes,"Computers, Kids & Garden",7.96,5.57,46
Heavy Duty Linen Coat,Clothing & Tools,27.1,18.97,7
Heavy Duty Steel Bench,Industrial & Health,13.72,9.6,34
Rustic Wooden Bag,"Music, Sports & Shoes",54.84,38.39,19
Rustic Concrete Hat,Music & Clothing,81.35,56.94,39
Sleek Aluminum Shoes,"Games, Clothing & Kids",47.09,32.96,20
Lightweight Cotton Shirt,Grocery,21.08,14.76,3
Rustic Granite Gloves,Tools,51.02,35.71,6
Rustic Marble Wallet,"Baby, Automotive & Industrial",36.46,25.52,14
Aerodynamic Silk Chair,Toys,11.15,7.81,31
Lightweight Linen Hat,"Garden, Games & Beauty",38.17,26.72,47
Mediocre Silk Watch,Kids & Games,48.69,34.08,29
Enormous Rubber Table,Beauty & Shoes,63.81,44.67,29
Durable Wool Wallet,Music & Home,51.92,36.34,14
Practical Marble Shoes,"Music, Electronics & Baby",96.17,67.32,9
Durable Linen Wallet,Clothing & Kids,24.25,16.97,24
Synergistic Concrete Bench,"Kids, Clothing & Grocery",1.87,1.31,24
Lightweight Copper Bottle,"Sports, Baby & Music",18.02,12.61,46
Enormous Rubber Bottle,Home,68.68,48.08,18
Ergonomic Granite Lamp,Beauty & Music,38.09,26.66,9
Small Wooden Lamp,Games,22.98,16.09,27
Synergistic Concrete Knife,Music & Clothing,10.68,7.48,15
Practical Cotton Lamp,Tools,46.4,32.48,31
Practical Granite Gloves,Industrial,30.68,21.48,24
Synergistic Leather Plate,Kids,38.49,26.94,39
Aerodynamic Leather Bench,Beauty & Automotive,84.18,58.93,20
Sleek Silk Shoes,Grocery,52.77,36.94,13
Durable Paper Pants,Computers,15.12,10.58,30
Aerodynamic Leather Gloves,Industrial & Shoes,26.82,18.77,12
Mediocre Aluminum Table,"Computers, Sports & Jewelery",80.42,56.29,30
Ergonomic Leather Shirt,Clothing & Toys,67.03,46.92,43
Practical Paper Keyboard,"Games, Grocery & Outdoors",35.11,24.58,22
Practical Cotton Bag,"Garden, Health & Tools",71.46,50.02,10
Rustic Cotton Shirt,Jewelery & Health,0.46,0.32,34
Incredible Paper Pants,Toys,37.1,25.97,37
Lightweight Silk Bottle,Automotive,30.7,21.49,9
Lightweight Concrete Coat,"Outdoors, Home & Books",46.94,32.86,11
Incredible Concrete Clock,"Baby, Games & Beauty",62.59,43.81,35
Intelligent Paper Knife,Electronics,21.93,15.35,31
Ergonomic Silk Chair,Computers,73.77,51.64,23
Synergistic Rubber Pants,Tools & Computers,10.46,7.32,15
Synergistic Silk Pants,Beauty,79.23,55.46,49
Synergistic Bronze Wallet,"Health, Automotive & Beauty",68.35,47.84,41
Lightweight Marble Pants,Industrial & Automotive,55.1,38.57,19
Fantastic Wool Chair,Shoes & Outdoors,22.71,15.9,33
Enormous Concrete Computer,Garden & Computers,45.13,31.59,45
Ergonomic Concrete Plate,Health,0.89,0.62,19
Lightweight Silk Keyboard,"Jewelery, Clothing & Toys",83.35,58.34,34
Fantastic Concrete Hat,Industrial,38.27,26.79,14
Ergonomic Silk Chair,Clothing,53.68,37.58,11
Lightweight Bronze Bench,Industrial & Clothing,5.38,3.77,43
Rustic Granite Clock,Books & Grocery,84.86,59.4,45
Awesome Paper Clock,Industrial & Baby,71.13,49.79,25
Synergistic Iron Watch,Books,33.83,23.68,27
Gorgeous Silk Hat,"Tools, Sports & Health",71.46,50.02,39
Synergistic Leather Hat,Books,91.68,64.18,41
Incredible Marble Lamp,Tools,33.95,23.77,20
Fantastic Bronze Watch,"Electronics, Sports & Grocery",22.15,15.5,33
Fantastic Aluminum Table,Electronics,92.59,64.81,31
Rustic Paper Bottle,Home & Baby,98.6,69.02,30
Aerodynamic Cotton Bench,Baby & Electronics,3.98,2.79,4
Rustic Rubber Chair,Kids,11.28,7.9,20
Ergonomic Linen Keyboard,"Computers, Industrial & Toys",43.03,30.12,34
Lightweight Paper Hat,"Automotive, Grocery & Music",85.03,59.52,21
Mediocre Marble Keyboard,Games,66.8,46.76,11
Heavy Duty Wooden Pants,Kids & Books,69.16,48.41,39
Gorgeous Paper Lamp,Sports,26.04,18.23,7
Gorgeous Cotton Shirt,"Automotive, Music & Industrial",64.77,45.34,18
Gorgeous Steel Computer,Automotive & Toys,53.73,37.61,49
Awesome Silk Bench,Outdoors,46.1,32.27,1
Synergistic Rubber Keyboard,Shoes & Baby,60.27,42.19,34
Durable Leather Plate,Movies & Tools,84.7,59.29,46
Heavy Duty Silk Car,Industrial,48.57,34.0,47
Durable Aluminum Chair,Clothing & Baby,8.6,6.02,45
Enormous Linen Keyboard,Sports & Clothing,37.67,26.37,23
Enormous Wooden Keyboard,Movies & Electronics,54.17,37.92,38
Aerodynamic Cotton Coat,Toys & Movies,24.71,17.3,39
Sleek Linen Coat,"Movies, Industrial & Home",11.55,8.09,6
Sleek Steel Bag,"Movies, Baby & Automotive",77.32,54.12,17
Practical Cotton Clock,Toys,92.57,64.8,15
Aerodynamic Concrete Keyboard,Kids,39.31,27.52,10
Heavy Duty Copper Lamp,Shoes,79.47,55.63,13
Durable Leather Chair,Computers & Music,32.96,23.07,25
Practical Rubber Coat,Automotive & Sports,31.63,22.14,17
Intelligent Silk Watch,Outdoors,60.83,42.58,29
Intelligent Granite Bottle,Baby,68.58,48.01,42
Practical Paper Keyboard,"Automotive, Outdoors & Home",22.92,16.04,2
Sleek Aluminum Table,"Jewelery, Music & Automotive",61.37,42.96,30
Mediocre Wool Lamp,"Health, Electronics & Tools",81.34,56.94,27
Awesome Cotton Car,"Outdoors, Tools & Electronics",13.71,9.6,35
Intelligent Leather Shirt,Outdoors,56.54,39.58,2
Heavy Duty Cotton Car,Shoes & Sports,93.01,65.11,43
Incredible Wooden Bottle,Clothing & Music,65.0,45.5,24
Gorgeous Linen Coat,Beauty & Grocery,37.26,26.08,26
Awesome Bronze Shoes,Sports & Garden,59.22,41.45,46
Synergistic Rubber Computer,Music,40.32,28.22,10
Durable Cotton Chair,"Industrial, Beauty & Baby",33.3,23.31,22
Awesome Leather Lamp,"Games, Automotive & Kids",99.01,69.31,16
Small Rubber Lamp,Tools & Industrial,5.48,3.84,28
Durable Concrete Computer,Garden,68.09,47.66,42
Durable Paper Wallet,Toys,64.53,45.17,17
Lightweight Granite Table,Toys & Sports,12.44,8.71,42
Enormous Aluminum Knife,Jewelery,26.07,18.25,17
Durable Paper Computer,Automotive & Industrial,18.36,12.85,21
Rustic Silk Clock,Health & Clothing,10.76,7.53,11
Rustic Granite Plate,Beauty & Automotive,29.08,20.36,47
Awesome Paper Knife,"Garden, Computers & Shoes",30.22,21.15,49
Awesome Plastic Shirt,Grocery,98.75,69.13,10
Gorgeous Leather Table,Electronics,25.67,17.97,27
Rustic Linen Computer,Computers,26.21,18.35,2
Intelligent Bronze Bench,Baby & Sports,63.11,44.18,38
Intelligent Linen Pants,Games & Industrial,44.7,31.29,36
Heavy Duty Rubber Clock,"Automotive, Toys & Music",61.3,42.91,24
Rustic Bronze Shirt,"Movies, Beauty & Outdoors",25.94,18.16,18
Sleek Steel Knife,"Music, Baby & Toys",14.87,10.41,44
Sleek Copper Shirt,Automotive & Garden,74.34,52.04,21
Gorgeous Steel Shoes,Baby & Movies,20.17,14.12,15
Gorgeous Copper Computer,Toys & Baby,79.45,55.62,8
Rustic Cotton Plate,Beauty & Tools,31.75,22.23,20
Small Aluminum Car,Games,90.3,63.21,46
Lightweight Wooden Computer,"Beauty, Automotive & Shoes",85.42,59.79,11
Enormous Copper Watch,Movies & Kids,72.43,50.7,27
Gorgeous Granite Watch,Health,57.49,40.24,28
Enormous Plastic Plate,Baby & Books,27.01,18.91,12
Synergistic Bronze Coat,Automotive,76.3,53.41,29
Rustic Copper Coat,"Industrial, Grocery & Outdoors",10.34,7.24,2
Synergistic Linen Plate,Jewelery,15.28,10.7,24
Synergistic Copper Computer,Electronics & Computers,70.19,49.13,38
Practical Leather Coat,Beauty & Grocery,33.36,23.35,2
Sleek Concrete Keyboard,Toys,6.33,4.43,16
Mediocre Marble Table,Movies,83.68,58.58,44
Ergonomic Wool Knife,Baby,92.68,64.88,6
Awesome Bronze Knife,Electronics & Toys,52.9,37.03,27
Intelligent Paper Hat,"Baby, Garden & Sports",9.29,6.5,37
Incredible Aluminum Knife,Home & Baby,6.89,4.82,42
Incredible Cotton Chair,Beauty,13.85,9.69,43
Awesome Iron Watch,Electronics,60.97,42.68,46
Practical Rubber Shoes,Automotive & Jewelery,65.3,45.71,33
Durable Concrete Gloves,Books & Computers,51.87,36.31,14
Durable Cotton Hat,Industrial & Shoes,94.46,66.12,16
Gorgeous Aluminum Clock,Beauty & Jewelery,42.85,29.99,30
Awesome Paper Knife,"Music, Shoes & Computers",78.97,55.28,37
Rustic Concrete Chair,"Kids, Games & Movies",74.96,52.47,30
Gorgeous Plastic Bottle,"Music, Games & Tools",57.93,40.55,10
Ergonomic Leather Coat,Toys,95.2,66.64,43
Enormous Marble Keyboard,Kids,21.63,15.14,20
Mediocre Wooden Bag,Garden,41.8,29.26,35
Intelligent Cotton Coat,Electronics & Clothing,80.53,56.37,24
Synergistic Concrete Chair,Sports,47.85,33.49,34
Small Concrete Knife,Outdoors,50.62,35.43,33
Practical Steel Pants,"Health, Outdoors & Industrial",94.83,66.38,43
Ergonomic Steel Gloves,Beauty & Clothing,16.11,11.28,9
Sleek Silk Hat,"Tools, Music & Automotive",99.16,69.41,19
Rustic Marble Wallet,Music & Toys,2.52,1.76,26
Lightweight Linen Clock,Beauty,29.63,20.74,18
Mediocre Aluminum Chair,Baby,22.21,15.55,25
Gorgeous Granite Wallet,Jewelery,0.36,0.25,12
Sleek Paper Lamp,"Home, Automotive & Electronics",4.5,3.15,17
Fantastic Granite Chair,Electronics,96.73,67.71,8
Synergistic Silk Table,Clothing & Movies,27.52,19.26,46
Ergonomic Steel Bag,"Books, Movies & Health",26.02,18.21,40
Lightweight Wooden Car,"Movies, Beauty & Electronics",3.89,2.72,44
Incredible Concrete Chair,Outdoors,84.45,59.11,34
Awesome Wooden Knife,Shoes & Books,42.35,29.65,49
Practical Leather Knife,Grocery,84.98,59.49,17
Aerodynamic Concrete Hat,Books & Shoes,35.66,24.96,23
Awesome Paper Keyboard,"Sports, Tools & Outdoors",59.4,41.58,41
Rustic Aluminum Car,Computers,57.9,40.53,18
Mediocre Wool Shirt,Kids,31.63,22.14,26
Gorgeous Wool Bottle,Computers,11.45,8.01,32
Synergistic Linen Plate,Industrial & Beauty,35.1,24.57,4
Aerodynamic Linen Knife,Books,89.61,62.73,39
Synergistic Silk Lamp,Home,11.47,8.03,44
Rustic Rubber Clock,"Garden, Beauty & Tools",40.68,28.48,28
Aerodynamic Wool Plate,"Books, Music & Garden",5.3,3.71,17
Lightweight Silk Chair,Games & Computers,32.43,22.7,21
Enormous Concrete Wallet,Home & Automotive,96.18,67.33,5
Sleek Leather Keyboard,Jewelery,13.33,9.33,49
Sleek Wool Pants,Computers & Garden,35.59,24.91,19
Synergistic Cotton Pants,Tools & Outdoors,45.97,32.18,18
Small Paper Bottle,Industrial & Jewelery,97.83,68.48,44
Durable Marble Shoes,Movies,80.02,56.01,30
Awesome Bronze Chair,Beauty & Clothing,25.8,18.06,33
Sleek Steel Lamp,"Baby, Toys & Movies",51.55,36.08,44
Awesome Marble Coat,"Games, Movies & Beauty",75.2,52.64,23
Practical Bronze Coat,Health & Jewelery,65.8,46.06,33
Aerodynamic Rubber Knife,Games & Clothing,58.15,40.71,3
Lightweight Leather Chair,Automotive & Jewelery,48.3,33.81,20
Enormous Rubber Watch,Kids & Health,56.79,39.75,4
Lightweight Concrete Chair,Shoes & Clothing,4.97,3.48,17
Aerodynamic Bronze Coat,Jewelery & Garden,2.42,1.69,20
Aerodynamic Iron Bottle,Home,12.13,8.49,31
Incredible Linen Table,"Jewelery, Grocery & Clothing",20.59,14.41,6
Aerodynamic Wool Bag,Health,15.62,10.93,25
Incredible Cotton Chair,"Movies, Clothing & Home",26.33,18.43,1
Lightweight Wool Shirt,Beauty,56.85,39.8,35
Synergistic Rubber Clock,"Baby, Electronics & Jewelery",17.08,11.96,17
Gorgeous Leather Keyboard,Books,27.56,19.29,9
Awesome Concrete Bag,Music,53.96,37.77,14
Lightweight Bronze Bottle,Games,40.45,28.32,5
Enormous Bronze Gloves,Tools & Beauty,95.42,66.79,46
Mediocre Marble Keyboard,"Grocery, Sports & Electronics",84.94,59.46,15
Small Rubber Shirt,"Automotive, Tools & Shoes",86.31,60.42,7
Heavy Duty Marble Lamp,"Baby, Books & Health",45.13,31.59,13
Heavy Duty Steel Pants,"Baby, Movies & Kids",34.38,24.07,16
Enormous Wooden Table,Automotive,0.04,0.03,9
Awesome Aluminum Shoes,Kids & Grocery,8.27,5.79,23
Lightweight Wooden Bottle,"Books, Health & Computers",98.97,69.28,20
Lightweight Bronze Watch,Home,74.25,51.97,9
Sleek Marble Lamp,Computers,75.37,52.76,8
Ergonomic Aluminum Keyboard,"Industrial, Tools & Music",83.91,58.74,0
Ergonomic Silk Coat,"Toys, Baby & Clothing",72.07,50.45,26
Incredible Cotton Bag,Movies & Electronics,19.92,13.94,0
Mediocre Rubber Pants,"Shoes, Kids & Home",86.84,60.79,1
Incredible Rubber Clock,Beauty,16.13,11.29,15
Practical Rubber Pants,Electronics,67.02,46.91,44
Gorgeous Wooden Bag,"Electronics, Books & Jewelery",23.77,16.64,37
Aerodynamic Rubber Plate,"Electronics, Tools & Outdoors",67.38,47.17,3
Fantastic Concrete Bench,"Computers, Books & Grocery",21.53,15.07,13
Lightweight Concrete Lamp,Electronics & Games,72.9,51.03,5
Lightweight Linen Wallet,"Baby, Tools & Industrial",5.38,3.77,2
Gorgeous Wooden Bench,"Books, Home & Grocery",36.33,25.43,31
Intelligent Leather Pants,"Garden, Toys & Baby",11.43,8.0,25
Fantastic Iron Hat,Books,44.04,30.83,46
Practical Copper Bench,"Electronics, Jewelery & Home",63.22,44.25,3
Durable Plastic Bench,Health & Baby,16.27,11.39,14
Enormous Concrete Shoes,Industrial,73.52,51.46,41
Heavy Duty Wool Gloves,Books,66.19,46.33,19
Sleek Silk Shirt,"Grocery, Kids & Industrial",70.35,49.24,35
Mediocre Cotton Bottle,"Baby, Computers & Home",7.1,4.97,32
Ergonomic Wool Computer,Toys,99.62,69.73,16
Synergistic Paper Shirt,Clothing,20.78,14.55,35
Ergonomic Bronze Pants,Shoes,43.12,30.18,9
Awesome Wool Gloves,"Grocery, Home & Kids",71.84,50.29,24
Aerodynamic Bronze Keyboard,Baby,46.55,32.58,37
Sleek Leather Wallet,Health,92.95,65.07,18
Aerodynamic Wool Clock,Garden & Automotive,65.36,45.75,37
Gorgeous Copper Bottle,Baby,67.8,47.46,31
Rustic Cotton Bottle,Toys & Baby,47.55,33.28,40
Heavy Duty Steel Keyboard,Baby & Shoes,63.04,44.13,47
Intelligent Paper Table,"Baby, Sports & Electronics",18.17,12.72,49
Intelligent Wooden Bench,"Tools, Health & Outdoors",28.87,20.21,23
Mediocre Bronze Wallet,"Computers, Baby & Home",46.55,32.58,28
Rustic Iron Wallet,Outdoors,21.01,14.71,19
Intelligent Wooden Shirt,"Clothing, Computers & Tools",4.04,2.83,24
Mediocre Copper Plate,Outdoors & Tools,93.33,65.33,6
Small Iron Shirt,Books & Sports,24.82,17.37,21
Synergistic Wooden Bottle,Baby & Electronics,56.06,39.24,42
Intelligent Iron Gloves,Kids & Health,29.74,20.82,38
Awesome Paper Coat,Games,5.48,3.84,35
Fantastic Bronze Table,"Kids, Health & Jewelery",58.21,40.75,19
Gorgeous Leather Watch,Kids & Books,87.7,61.39,2
Aerodynamic Paper Car,Books & Electronics,35.98,25.19,18
Lightweight Steel Watch,Outdoors,13.75,9.63,35
Rustic Marble Knife,"Shoes, Movies & Clothing",18.01,12.61,35
Mediocre Granite Bag,Industrial,97.59,68.31,38
Synergistic Concrete Knife,Industrial,53.49,37.44,41
Rustic Wool Bag,Tools,77.42,54.19,42
Fantastic Paper Bag,Kids & Sports,88.92,62.24,46
Mediocre Granite Coat,Jewelery & Kids,39.59,27.71,13
Heavy Duty Steel Keyboard,Garden,30.18,21.13,20
Incredible Steel Bag,Toys,60.57,42.4,17
Small Plastic Wallet,"Music, Movies & Grocery",93.95,65.77,17
Small Paper Gloves,"Beauty, Games & Toys",84.1,58.87,11
Practical Aluminum Computer,Automotive & Grocery,75.19,52.63,42
Intelligent Linen Plate,"Movies, Kids & Tools",39.43,27.6,4
Mediocre Granite Bench,Jewelery,89.33,62.53,1
Fantastic Rubber Wallet,"Industrial, Home & Music",25.91,18.14,47
Small Bronze Keyboard,"Garden, Tools & Industrial",13.14,9.2,11
Practical Linen Pants,Clothing,64.61,45.23,30
Durable Copper Bottle,Beauty & Movies,44.44,31.11,10
Enormous Silk Shoes,Kids,25.99,18.19,21
Ergonomic Wooden Bottle,Grocery & Books,55.44,38.81,32
Sleek Granite Bench,"Toys, Computers & Automotive",66.69,46.68,29
Enormous Bronze Table,Shoes,13.2,9.24,38
Mediocre Bronze Hat,Books & Home,60.15,42.11,14
Aerodynamic Granite Knife,Tools & Outdoors,73.4,51.38,47
Rustic Steel Coat,"Garden, Tools & Clothing",9.47,6.63,41
Fantastic Paper Bench,"Industrial, Movies & Books",6.6,4.62,45
Enormous Marble Wallet,"Sports, Automotive & Jewelery",96.85,67.79,33
Lightweight Cotton Lamp,"Sports, Shoes & Toys",4.33,3.03,11
Intelligent Wool Knife,Health & Beauty,59.23,41.46,0
Practical Iron Coat,Computers & Music,48.16,33.71,20
Gorgeous Aluminum Shirt,Clothing & Industrial,14.01,9.81,26
Heavy Duty Rubber Knife,Baby,75.33,52.73,17
Sleek Rubber Pants,"Toys, Sports & Industrial",20.51,14.36,0
Synergistic Wool Shirt,Automotive,27.17,19.02,8
Practical Granite Gloves,Shoes & Electronics,59.48,41.64,23
Heavy Duty Iron Chair,Clothing & Movies,50.06,35.04,24
Gorgeous Steel Coat,Jewelery & Sports,39.31,27.52,38
Fantastic Plastic Pants,Health,30.82,21.57,0
Awesome Rubber Chair,Electronics & Shoes,9.97,6.98,13
Rustic Silk Bench,"Music, Garden & Sports",73.11,51.18,44
Ergonomic Copper Wallet,"Home, Beauty & Shoes",80.99,56.69,29
Aerodynamic Aluminum Coat,Automotive & Garden,72.28,50.6,5
Gorgeous Paper Clock,"Kids, Jewelery & Computers",91.29,63.9,30
Synergistic Linen Watch,Computers,17.13,11.99,33
Small Iron Wallet,Health,55.48,38.84,1
Synergistic Cotton Chair,Outdoors,23.26,16.28,2
Gorgeous Steel Table,Electronics & Tools,67.26,47.08,3
Synergistic Plastic Computer,Jewelery,40.29,28.2,11
Aerodynamic Paper Plate,Health & Outdoors,56.39,39.47,28
Durable Aluminum Computer,"Movies, Beauty & Books",0.27,0.19,30
Synergistic Marble Pants,Sports & Clothing,29.52,20.66,49
Synergistic Plastic Bottle,Home,51.83,36.28,24
Small Bronze Computer,Computers,98.13,68.69,20
Aerodynamic Cotton Knife,Automotive & Grocery,94.22,65.95,14
Awesome Silk Watch,Books & Toys,17.59,12.31,13
Heavy Duty Concrete Keyboard,Home,67.09,46.96,18
Intelligent Steel Bottle,Baby & Beauty,34.52,24.16,4
Fantastic Aluminum Shirt,"Jewelery, Garden & Toys",11.16,7.81,17
Durable Linen Plate,"Movies, Games & Clothing",10.01,7.01,8
Rustic Bronze Pants,Electronics,44.24,30.97,12
Lightweight Iron Plate,Health,85.4,59.78,10
Awesome Copper Coat,Movies & Outdoors,56.04,39.23,3
Intelligent Paper Coat,"Clothing, Grocery & Outdoors",67.78,47.45,5
Aerodynamic Leather Hat,Automotive,97.93,68.55,43
Small Aluminum Gloves,Health & Tools,52.87,37.01,41
Small Aluminum Watch,Home & Automotive,98.12,68.68,12
Gorgeous Bronze Coat,Shoes,23.57,16.5,12
Sleek Paper Bag,Garden,1.35,0.95,22
Awesome Rubber Keyboard,Computers & Music,54.89,38.42,34
Incredible Concrete Plate,Industrial,16.26,11.38,35
Aerodynamic Wooden Gloves,Garden & Computers,97.79,68.45,35
Ergonomic Linen Knife,"Computers, Jewelery & Books",22.34,15.64,2
Practical Wool Chair,Beauty,44.65,31.25,33
Ergonomic Wooden Pants,"Music, Computers & Clothing",29.53,20.67,46
Sleek Silk Bottle,Kids & Electronics,85.44,59.81,20
Fantastic Wooden Bag,Home,13.55,9.49,22
Enormous Wooden Pants,Books,54.51,38.16,43
Fantastic Rubber Bench,"Clothing, Outdoors & Games",24.63,17.24,27
Ergonomic Bronze Plate,Tools & Books,48.8,34.16,32
Practical Paper Computer,Sports & Home,80.26,56.18,3
Awesome Paper Watch,Automotive & Outdoors,83.04,58.13,29
Practical Cotton Shoes,Toys & Shoes,66.31,46.42,28
Gorgeous Marble Shirt,Home,41.06,28.74,15
Aerodynamic Wooden Bag,Baby,9.63,6.74,48
Incredible Iron Bottle,Books,2.88,2.02,4
Aerodynamic Leather Table,Games & Clothing,31.78,22.25,38
Awesome Marble Bench,Books & Home,24.87,17.41,31
Heavy Duty Copper Knife,"Clothing, Toys & Health",83.38,58.37,46
Practical Silk Lamp,Movies,51.6,36.12,45
Ergonomic Rubber Clock,Music & Electronics,4.86,3.4,43
Enormous Aluminum Bag,Clothing & Music,16.44,11.51,13
Rustic Plastic Lamp,Grocery & Books,58.5,40.95,21
Incredible Wooden Gloves,Music & Movies,15.28,10.7,23
Synergistic Wooden Computer,Outdoors,97.79,68.45,46
Synergistic Linen Table,Outdoors,79.95,55.97,23
Synergistic Silk Shoes,Toys & Automotive,0.52,0.36,33
Gorgeous Granite Bench,"Jewelery, Health & Beauty",47.1,32.97,21
Synergistic Copper Coat,"Toys, Music & Kids",21.35,14.95,21
Durable Granite Plate,Garden & Games,65.39,45.77,44
Ergonomic Aluminum Bench,"Movies, Toys & Sports",15.44,10.81,36
Ergonomic Leather Gloves,"Baby, Jewelery & Health",25.9,18.13,49
Fantastic Cotton Computer,"Jewelery, Beauty & Home",58.48,40.94,40
Lightweight Wooden Car,Jewelery & Garden,93.46,65.42,13
Incredible Silk Table,"Grocery, Beauty & Clothing",29.28,20.5,45
Durable Wooden Bench,"Garden, Music & Grocery",37.03,25.92,22
Intelligent Concrete Gloves,Automotive,66.47,46.53,11
Synergistic Plastic Wallet,Kids,32.37,22.66,43
Incredible Wooden Plate,Movies & Kids,29.05,20.34,32
Sleek Linen Table,"Jewelery, Beauty & Electronics",39.19,27.43,36
Synergistic Plastic Bench,Industrial,31.38,21.97,5
Enormous Granite Gloves,Clothing,71.3,49.91,15
Sleek Silk Car,Grocery & Kids,63.31,44.32,21
Small Iron Car,Industrial & Books,94.72,66.3,40
Small Bronze Watch,"Industrial, Beauty & Music",85.77,60.04,42
Sleek Plastic Table,"Books, Baby & Computers",65.61,45.93,45
Lightweight Bronze Clock,Automotive,90.2,63.14,32
Intelligent Iron Chair,Outdoors,92.45,64.72,5
Small Concrete Wallet,Automotive & Garden,91.51,64.06,17
Rustic Leather Bench,"Tools, Grocery & Electronics",23.28,16.3,32
Small Leather Computer,Automotive,33.1,23.17,16
Incredible Copper Bag,Books & Automotive,15.37,10.76,33
Ergonomic Bronze Knife,"Grocery, Home & Tools",0.82,0.57,30
Durable Rubber Lamp,"Games, Tools & Industrial",67.95,47.57,13
Intelligent Granite Clock,Electronics,15.27,10.69,30
Heavy Duty Wool Hat,"Kids, Health & Outdoors",51.2,35.84,29
Rustic Rubber Gloves,Sports,59.77,41.84,16
Durable Steel Shirt,"Tools, Clothing & Toys",86.79,60.75,7
Sleek Plastic Pants,Beauty,66.41,46.49,14
Incredible Copper Keyboard,Kids,19.0,13.3,28
Lightweight Granite Chair,"Books, Home & Computers",40.27,28.19,48
Aerodynamic Cotton Pants,"Health, Garden & Kids",49.42,34.59,7
Rustic Silk Lamp,Industrial & Electronics,41.51,29.06,48
Enormous Granite Keyboard,"Computers, Industrial & Health",6.82,4.77,9
Synergistic Silk Coat,Industrial,8.1,5.67,13
Lightweight Cotton Pants,Industrial & Music,0.49,0.34,36
Practical Linen Car,Movies,50.08,35.06,24
Small Rubber Shoes,Garden & Toys,21.26,14.88,4
Intelligent Bronze Wallet,Home,85.81,60.07,36
Enormous Plastic Bottle,"Baby, Tools & Books",55.12,38.58,50
Practical Marble Watch,Sports & Beauty,41.24,28.87,0
Incredible Aluminum Watch,Shoes,31.0,21.7,7
Sleek Bronze Shoes,Garden,8.17,5.72,10
Incredible Wooden Clock,"Baby, Sports & Computers",3.12,2.18,21
Gorgeous Marble Clock,Beauty,61.9,43.33,23
Mediocre Copper Plate,Tools & Baby,51.32,35.92,3
Enormous Linen Plate,Automotive,51.55,36.08,45
Heavy Duty Cotton Bottle,Baby,31.08,21.76,8
Mediocre Iron Computer,Garden,93.51,65.46,45
Ergonomic Copper Gloves,Beauty,74.47,52.13,9
Lightweight Marble Wallet,Tools & Games,43.55,30.48,27
Fantastic Cotton Watch,Beauty & Outdoors,16.93,11.85,5
Durable Rubber Knife,Home & Books,46.64,32.65,13
Aerodynamic Plastic Hat,Clothing & Outdoors,95.23,66.66,35
Durable Iron Hat,"Sports, Clothing & Electronics",4.69,3.28,27
Practical Cotton Bottle,Sports & Health,40.93,28.65,20
Ergonomic Aluminum Bench,Jewelery & Books,82.84,57.99,30
Lightweight Silk Table,Automotive & Games,47.08,32.96,32
Heavy Duty Paper Chair,"Grocery, Home & Electronics",54.07,37.85,31
Synergistic Concrete Shoes,Industrial & Music,55.8,39.06,12
Gorgeous Paper Shirt,Shoes,87.63,61.34,7
Enormous Concrete Watch,Kids,95.57,66.9,11
Small Linen Hat,Grocery & Beauty,23.19,16.23,5
Intelligent Copper Wallet,Tools & Movies,93.24,65.27,14
Intelligent Marble Computer,"Garden, Health & Games",90.08,63.06,47
Practical Aluminum Watch,"Home, Toys & Music",47.68,33.38,24
Lightweight Silk Keyboard,Tools & Outdoors,25.38,17.77,17
Rustic Cotton Lamp,Games,20.7,14.49,17
Small Wool Bag,"Sports, Books & Computers",98.72,69.1,34
Awesome Wooden Plate,Health,20.24,14.17,41
Incredible Concrete Wallet,Automotive & Garden,76.47,53.53,11
Awesome Iron Coat,"Sports, Computers & Grocery",39.4,27.58,49
Ergonomic Bronze Table,Health & Games,24.34,17.04,42
Heavy Duty Steel Chair,"Games, Movies & Kids",7.81,5.47,6
Intelligent Plastic Clock,"Kids, Grocery & Books",3.38,2.37,25
Durable Wooden Pants,Grocery & Books,95.9,67.13,33
Durable Paper Keyboard,Sports & Shoes,21.04,14.73,0
Lightweight Concrete Watch,Sports & Jewelery,2.57,1.8,15
Lightweight Marble Computer,"Jewelery, Home & Baby",15.29,10.7,33
Durable Copper Pants,"Games, Computers & Movies",58.35,40.85,37
Small Granite Bottle,Music,59.83,41.88,41
Awesome Wool Gloves,Books & Home,55.7,38.99,16
Ergonomic Aluminum Hat,"Baby, Electronics & Books",82.56,57.79,21
Durable Aluminum Pants,"Kids, Toys & Home",82.13,57.49,48
Incredible Leather Wallet,Industrial,48.44,33.91,38
Synergistic Marble Car,"Health, Music & Movies",85.02,59.51,16
Incredible Copper Plate,Home,19.41,13.59,23
Ergonomic Granite Shirt,Jewelery,52.15,36.5,30
Ergonomic Copper Bottle,"Movies, Music & Games",6.92,4.84,18
Awesome Wooden Lamp,"Automotive, Garden & Kids",24.94,17.46,34
Ergonomic Plastic Pants,Movies,84.54,59.18,20
Lightweight Linen Pants,Computers & Music,93.97,65.78,8
Intelligent Wooden Lamp,"Industrial, Music & Clothing",13.28,9.3,0
Lightweight Granite Watch,Sports & Baby,96.99,67.89,4
Practical Leather Bag,Clothing & Tools,44.56,31.19,1
Ergonomic Linen Knife,"Books, Tools & Industrial",92.12,64.48,36
Enormous Rubber Car,Clothing,83.99,58.79,12
Sleek Cotton Gloves,Shoes,51.49,36.04,48
Enormous Plastic Clock,Garden & Jewelery,72.75,50.93,4
Lightweight Cotton Wallet,Movies,27.18,19.03,21
Incredible Iron Gloves,Computers,92.61,64.83,42
Durable Linen Watch,Home,86.39,60.47,33
Lightweight Copper Plate,Toys & Health,72.39,50.67,32
Practical Rubber Wallet,"Movies, Outdoors & Jewelery",98.64,69.05,4
Synergistic Steel Plate,Music & Beauty,37.62,26.33,6
Aerodynamic Copper Watch,Grocery,82.27,57.59,15
Fantastic Copper Bench,Shoes,89.89,62.92,26
Small Concrete Bench,Movies & Industrial,88.26,61.78,17
Heavy Duty Wooden Keyboard,Baby & Toys,0.16,0.11,15
Intelligent Plastic Gloves,"Books, Garden & Electronics",83.6,58.52,7
Small Granite Pants,Shoes & Music,60.39,42.27,34
Sleek Silk Bottle,Tools,19.48,13.64,48
Heavy Duty Copper Plate,"Kids, Movies & Health",27.1,18.97,40
Synergistic Concrete Hat,"Jewelery, Industrial & Kids",4.3,3.01,32
Small Linen Table,Grocery,24.22,16.95,8
Lightweight Cotton Bench,Computers,78.5,54.95,9
Awesome Marble Chair,Garden,88.54,61.98,39
Incredible Leather Bottle,"Computers, Clothing & Grocery",65.78,46.05,15
Aerodynamic Linen Pants,"Toys, Kids & Shoes",41.55,29.08,40
Gorgeous Granite Shoes,Home,8.45,5.91,25
Intelligent Rubber Car,"Clothing, Shoes & Sports",93.22,65.25,8
Enormous Steel Hat,Shoes,34.18,23.93,40
Practical Aluminum Table,"Industrial, Clothing & Beauty",53.01,37.11,42
Awesome Cotton Coat,Clothing & Movies,73.83,51.68,21
Small Marble Shoes,Industrial,47.86,33.5,49
Incredible Concrete Car,Shoes,61.57,43.1,17
Durable Concrete Pants,Movies,59.66,41.76,23
Durable Leather Lamp,"Sports, Toys & Shoes",12.59,8.81,10
Intelligent Iron Knife,Movies,7.79,5.45,30
Aerodynamic Granite Bench,Home,16.06,11.24,32
Heavy Duty Aluminum Plate,Games,7.59,5.31,3
Fantastic Wooden Car,Tools,41.76,29.23,42
Incredible Paper Computer,Computers,78.77,55.14,14
Synergistic Granite Keyboard,"Tools, Music & Home",44.82,31.37,41
Small Plastic Shirt,Home,73.89,51.72,48
Incredible Wool Shirt,Industrial & Beauty,30.52,21.36,21
Gorgeous Cotton Bench,Health,80.85,56.59,41
Ergonomic Paper Car,Baby,92.38,64.67,41
Sleek Marble Watch,"Outdoors, Electronics & Home",46.92,32.84,24
Gorgeous Cotton Chair,"Toys, Shoes & Baby",67.78,47.45,6
Durable Steel Table,Computers,14.38,10.07,27
Rustic Silk Car,"Grocery, Home & Books",9.53,6.67,41
Incredible Linen Wallet,Games,37.16,26.01,3
Heavy Duty Linen Hat,"Beauty, Movies & Jewelery",30.58,21.41,22
Fantastic Steel Keyboard,Shoes & Sports,65.82,46.07,38
Intelligent Linen Shirt,Jewelery & Books,36.27,25.39,8
Synergistic Copper Bottle,"Garden, Games & Kids",41.55,29.08,28
Heavy Duty Plastic Chair,Games,14.9,10.43,38
Durable Cotton Plate,Electronics & Movies,72.75,50.93,49
Synergistic Wool Clock,Kids,50.69,35.48,30
Heavy Duty Iron Bench,Electronics & Automotive,83.82,58.67,20
Ergonomic Granite Chair,"Toys, Baby & Jewelery",70.97,49.68,10
Fantastic Rubber Shirt,Tools & Kids,21.04,14.73,47
Sleek Aluminum Gloves,"Sports, Health & Jewelery",46.15,32.31,1
Awesome Wool Clock,"Tools, Games & Baby",88.3,61.81,48
Gorgeous Wooden Shoes,Computers,88.03,61.62,46
Awesome Copper Clock,Clothing,87.29,61.1,20
Ergonomic Concrete Car,"Toys, Sports & Games",22.74,15.92,42
Mediocre Wool Gloves,Outdoors & Sports,71.11,49.78,35
Practical Aluminum Wallet,Kids & Beauty,43.06,30.14,39
Fantastic Iron Car,Toys & Health,71.1,49.77,37
Heavy Duty Silk Bag,Books,36.45,25.52,42
Intelligent Bronze Shirt,"Kids, Clothing & Grocery",72.14,50.5,48
Incredible Steel Shirt,Outdoors & Shoes,43.81,30.67,34
Rustic Rubber Car,Jewelery & Kids,33.4,23.38,5
Incredible Granite Gloves,"Outdoors, Electronics & Garden",35.97,25.18,37
Fantastic Linen Chair,"Outdoors, Tools & Computers",57.22,40.05,29
Synergistic Marble Watch,"Shoes, Jewelery & Movies",54.39,38.07,40
Enormous Plastic Bottle,"Jewelery, Health & Beauty",71.44,50.01,49
Gorgeous Aluminum Plate,Sports,15.92,11.14,2
Durable Bronze Car,Shoes & Kids,42.15,29.5,7
Durable Aluminum Plate,"Outdoors, Beauty & Jewelery",80.35,56.24,34
Heavy Duty Cotton Keyboard,"Automotive, Electronics & Beauty",26.81,18.77,50
Heavy Duty Rubber Computer,Kids & Health,2.54,1.78,7
Small Paper Car,Toys,3.54,2.48,19
Fantastic Concrete Plate,Books,78.87,55.21,47
Fantastic Bronze Clock,Kids,33.36,23.35,40
Heavy Duty Copper Clock,Clothing & Computers,23.37,16.36,22
Durable Steel Watch,Jewelery,43.66,30.56,25
Sleek Cotton Bench,Tools & Computers,80.99,56.69,9
Incredible Aluminum Wallet,Computers & Outdoors,6.35,4.44,18
Heavy Duty Iron Clock,Jewelery & Electronics,69.33,48.53,45
Mediocre Steel Plate,"Sports, Automotive & Clothing",96.39,67.47,27
Incredible Rubber Gloves,Clothing,73.74,51.62,47
Gorgeous Iron Bench,Toys,36.0,25.2,0
Incredible Concrete Chair,Computers & Outdoors,53.62,37.53,12
Heavy Duty Wool Car,Automotive & Computers,69.11,48.38,25
Heavy Duty Steel Table,Outdoors & Shoes,27.69,19.38,14
Small Steel Coat,Electronics,43.43,30.4,8
Small Wool Car,Electronics & Tools,37.17,26.02,3
Heavy Duty Plastic Chair,"Clothing, Beauty & Tools",88.49,61.94,4
Sleek Wool Bag,Shoes,37.21,26.05,29
Sleek Paper Car,Outdoors,73.94,51.76,0
Durable Steel Pants,"Baby, Music & Electronics",22.12,15.48,42
Rustic Granite Knife,"Garden, Industrial & Tools",88.41,61.89,24
Awesome Cotton Knife,Outdoors,73.91,51.74,14
Gorgeous Plastic Bag,"Shoes, Home & Baby",89.28,62.5,24
Gorgeous Concrete Coat,Toys & Shoes,33.37,23.36,6
Gorgeous Copper Knife,Clothing,27.27,19.09,47
Mediocre Marble Chair,Baby & Sports,93.46,65.42,27
Incredible Wooden Knife,Sports,87.57,61.3,40
Awesome Concrete Wallet,Outdoors & Kids,76.03,53.22,21
Heavy Duty Linen Gloves,"Outdoors, Garden & Health",92.02,64.41,12
Awesome Leather Gloves,"Industrial, Beauty & Garden",47.24,33.07,24
Awesome Marble Gloves,Shoes & Toys,96.95,67.86,44
Awesome Copper Car,Health,24.72,17.3,36
Small Plastic Keyboard,"Industrial, Health & Books",95.17,66.62,36
Aerodynamic Bronze Lamp,Movies,30.16,21.11,29
Heavy Duty Aluminum Car,Electronics,64.15,44.91,7
Enormous Marble Bench,"Health, Sports & Baby",11.99,8.39,32
Lightweight Paper Hat,"Computers, Games & Kids",28.63,20.04,28
Sleek Iron Bench,Home,12.77,8.94,3
Heavy Duty Leather Coat,"Electronics, Music & Beauty",78.8,55.16,17
Awesome Silk Knife,Shoes & Health,18.98,13.29,4
Fantastic Aluminum Watch,Tools,9.7,6.79,36
Incredible Wooden Clock,Sports,36.72,25.7,8
Awesome Marble Chair,Movies & Electronics,30.02,21.01,42
Small Bronze Computer,Garden & Jewelery,49.94,34.96,36
Gorgeous Wooden Clock,"Electronics, Kids & Toys",97.36,68.15,37
Sleek Bronze Plate,"Kids, Health & Garden",51.92,36.34,35
Lightweight Copper Table,"Grocery, Shoes & Garden",65.69,45.98,18
Small Granite Car,Shoes,93.53,65.47,32
Mediocre Plastic Gloves,Industrial,79.9,55.93,10
Aerodynamic Wooden Lamp,Beauty,8.28,5.8,2
Aerodynamic Rubber Computer,Jewelery & Grocery,97.06,67.94,15
Awesome Paper Bag,Electronics,20.95,14.67,38
Aerodynamic Rubber Knife,Garden & Electronics,36.27,25.39,13
Mediocre Rubber Watch,Home,3.26,2.28,46
Awesome Granite Keyboard,"Tools, Sports & Games",42.47,29.73,22
Rustic Copper Gloves,Garden & Industrial,95.98,67.19,45
Mediocre Iron Clock,"Games, Health & Baby",0.53,0.37,29
Aerodynamic Wool Bench,"Outdoors, Clothing & Baby",24.59,17.21,5
Ergonomic Concrete Computer,Grocery & Baby,37.13,25.99,11
Lightweight Cotton Bottle,Electronics,62.91,44.04,50
Aerodynamic Iron Wallet,Books & Sports,71.9,50.33,16
Durable Paper Knife,Tools,23.55,16.49,33
Incredible Wool Bottle,"Movies, Garden & Shoes",26.37,18.46,49
Small Paper Bag,"Automotive, Baby & Grocery",2.98,2.09,41
Small Silk Knife,"Games, Shoes & Garden",80.02,56.01,11
Durable Marble Plate,"Electronics, Health & Games",11.03,7.72,24
Heavy Duty Wooden Wallet,Automotive & Sports,85.63,59.94,20
Incredible Bronze Bottle,Grocery & Toys,86.17,60.32,29
Small Wooden Table,"Shoes, Garden & Grocery",5.97,4.18,21
Fantastic Cotton Car,Clothing & Tools,88.2,61.74,6
Mediocre Linen Bench,Computers,97.7,68.39,33
Durable Wool Shirt,Garden & Electronics,82.3,57.61,41
Mediocre Cotton Gloves,"Shoes, Health & Books",69.38,48.57,7
Rustic Linen Wallet,Kids & Movies,6.25,4.38,1
Lightweight Rubber Lamp,Grocery,49.31,34.52,5
Practical Silk Chair,Sports & Jewelery,30.19,21.13,6
Incredible Linen Bench,Beauty & Computers,7.12,4.98,37
Practical Wooden Table,"Tools, Home & Industrial",21.63,15.14,25
Ergonomic Copper Hat,"Computers, Electronics & Shoes",36.67,25.67,28
Gorgeous Leather Chair,"Outdoors, Home & Beauty",85.97,60.18,8
Synergistic Concrete Computer,Automotive,92.17,64.52,31
Mediocre Concrete Computer,Games & Shoes,64.53,45.17,32
Fantastic Concrete Bench,Games & Jewelery,64.06,44.84,21
Small Copper Pants,Shoes & Grocery,41.71,29.2,19
Awesome Steel Knife,Home,68.58,48.01,29
Ergonomic Granite Bench,"Shoes, Garden & Baby",99.87,69.91,12
Mediocre Bronze Gloves,Sports & Games,1.9,1.33,8
Mediocre Wool Plate,Electronics & Outdoors,46.73,32.71,10
Small Linen Chair,"Automotive, Electronics & Industrial",94.78,66.35,22
Fantastic Steel Gloves,Movies & Jewelery,72.25,50.58,43
Synergistic Rubber Gloves,Sports,44.41,31.09,16
Ergonomic Aluminum Bottle,Kids & Music,49.49,34.64,6
Rustic Linen Shirt,Toys,22.03,15.42,48
Fantastic Steel Lamp,Beauty,29.55,20.69,37
Sleek Copper Pants,Home,8.3,5.81,12
Sleek Aluminum Pants,Books & Industrial,87.75,61.43,5
Incredible Marble Shirt,Outdoors & Jewelery,88.7,62.09,27
Intelligent Leather Car,"Automotive, Beauty & Music",9.71,6.8,12
Fantastic Wool Keyboard,Games & Health,71.67,50.17,28
Synergistic Bronze Wallet,Jewelery & Clothing,25.77,18.04,6
Awesome Cotton Plate,Books,32.24,22.57,42
Lightweight Granite Computer,Beauty & Tools,32.05,22.43,17
Mediocre Plastic Computer,Tools,23.87,16.71,14
Practical Steel Chair,Kids,87.17,61.02,28
Gorgeous Granite Car,Shoes,33.97,23.78,47
Fantastic Cotton Wallet,Kids,13.14,9.2,41
Sleek Cotton Hat,Outdoors,60.29,42.2,2
Ergonomic Rubber Wallet,"Electronics, Sports & Kids",34.34,24.04,33
Heavy Duty Linen Table,Computers,18.9,13.23,39
Ergonomic Concrete Shirt,Jewelery,95.07,66.55,26
Small Cotton Chair,Beauty,33.23,23.26,28
Enormous Marble Shoes,"Grocery, Beauty & Jewelery",68.34,47.84,7
Aerodynamic Aluminum Wallet,Shoes,12.06,8.44,38
Rustic Copper Chair,Outdoors & Grocery,8.44,5.91,41
Intelligent Wool Gloves,Games & Home,0.92,0.64,1
Incredible Steel Shoes,Movies,76.59,53.61,33
Synergistic Copper Plate,Electronics & Jewelery,23.38,16.37,45
Sleek Linen Bag,Music,74.47,52.13,45
Gorgeous Rubber Bench,"Kids, Outdoors & Games",61.09,42.76,49
Intelligent Marble Shoes,Sports & Music,93.43,65.4,4
Synergistic Leather Wallet,"Automotive, Baby & Jewelery",97.23,68.06,42
Sleek Iron Watch,"Baby, Tools & Kids",55.97,39.18,27
Small Paper Car,Jewelery,3.95,2.77,16
Gorgeous Marble Bottle,"Computers, Movies & Automotive",98.01,68.61,46
Awesome Linen Bench,Toys & Jewelery,16.42,11.49,45
Gorgeous Concrete Chair,Beauty & Health,38.08,26.66,3
Synergistic Steel Pants,Shoes,1.43,1.0,48
Incredible Marble Bench,Toys & Beauty,98.56,68.99,42
Sleek Concrete Chair,"Grocery, Games & Outdoors",3.33,2.33,32
Lightweight Iron Hat,"Toys, Grocery & Books",50.47,35.33,34
Synergistic Marble Coat,Movies & Tools,23.02,16.11,38
Fantastic Linen Pants,"Beauty, Books & Industrial",7.26,5.08,21
Awesome Plastic Pants,Movies,15.79,11.05,25
Lightweight Paper Computer,Home,77.13,53.99,26
Enormous Wooden Watch,Health,27.32,19.12,49
Fantastic Wool Bag,Sports,71.36,49.95,46
Ergonomic Aluminum Hat,Movies & Outdoors,46.85,32.8,45
Rustic Silk Clock,"Industrial, Garden & Books",53.92,37.74,1
Synergistic Wooden Plate,Grocery,99.97,69.98,1
Awesome Bronze Lamp,Tools,44.11,30.88,43
Sleek Silk Bag,Books & Jewelery,80.39,56.27,17
Ergonomic Silk Bag,Outdoors & Kids,97.23,68.06,50
Small Leather Table,"Outdoors, Shoes & Health",75.94,53.16,45
Awesome Copper Lamp,Sports,23.76,16.63,22
Enormous Leather Clock,Music,97.43,68.2,33
Fantastic Wool Wallet,Electronics,31.87,22.31,35
Fantastic Silk Hat,"Computers, Shoes & Electronics",63.63,44.54,37
Practical Concrete Chair,Toys,12.74,8.92,33
