name,department,price,count
Lightweight Iron Knife,Tools & Computers,62.01,77
Mediocre Aluminum Clock,Clothing & Jewelery,17.67,13
Aerodynamic Iron Knife,Beauty,20.92,96
Practical Wool Bench,Health & Grocery,50.76,94
Fantastic Linen Chair,"Grocery, Outdoors & Shoes",19.53,74
Rustic Silk Lamp,"Clothing, Games & Computers",41.19,94
Heavy Duty Wool Bag,"Shoes, Clothing & Outdoors",28.77,92
Durable Aluminum Lamp,Music & Clothing,81.61,78
Incredible Copper Watch,Electronics,63.91,66
Sleek Cotton Computer,"Grocery, Industrial & Books",61.37,52
Synergistic Wool Bag,"Kids, Music & Computers",63.37,34
Aerodynamic Wooden Computer,"Movies, Toys & Garden",62.2,83
Awesome Aluminum Shirt,Electronics & Baby,84.53,80
Gorgeous Aluminum Table,"Baby, Electronics & Outdoors",81.79,86
Synergistic Wool Hat,Games & Jewelery,77.13,5
Small Wool Pants,Electronics & Sports,41.51,62
Ergonomic Steel Bench,Garden & Jewelery,9.92,6
Practical Cotton Bench,Books & Home,35.05,51
Incredible Copper Pants,Toys & Beauty,24.43,85
Gorgeous Steel Coat,"Automotive, Books & Grocery",55.03,25
Lightweight Steel Hat,Kids & Industrial,92.57,74
Gorgeous Concrete Bag,"Grocery, Health & Toys",69.71,92
Awesome Marble Car,"Shoes, Health & Games",48.96,53
Sleek Rubber Bottle,Garden,47.46,74
Aerodynamic Bronze Bottle,Automotive,95.2,42
Heavy Duty Marble Knife,Jewelery & Home,70.5,27
Durable Copper Bottle,Shoes,86.93,37
Practical Iron Bag,Jewelery,75.82,5
Synergistic Cotton Knife,Toys & Games,80.98,0
Mediocre Aluminum Clock,"Toys, Music & Automotive",82.41,61
Fantastic Silk Watch,Games,90.6,19
Ergonomic Leather Shirt,Grocery & Books,49.42,29
Incredible Steel Coat,Tools & Health,70.96,37
Fantastic Cotton Keyboard,Garden,48.67,74
Small Rubber Car,Clothing,15.43,12
Synergistic Bronze Keyboard,Jewelery,3.46,75
Gorgeous Copper Lamp,"Tools, Toys & Books",13.97,14
Awesome Linen Clock,Electronics,98.0,80
Enormous Steel Car,"Automotive, Books & Tools",16.57,95
Small Silk Lamp,Sports,34.32,98
Heavy Duty Marble Car,Electronics & Sports,42.59,13
Fantastic Silk Gloves,Garden,70.38,31
Fantastic Wooden Clock,Toys & Baby,5.88,68
Synergistic Linen Pants,"Electronics, Garden & Books",75.86,17
Gorgeous Copper Gloves,"Toys, Shoes & Beauty",45.8,0
Fantastic Leather Shoes,Home & Computers,7.43,81
Fantastic Granite Gloves,Games & Electronics,72.55,46
Sleek Bronze Chair,"Clothing, Kids & Automotive",28.68,41
Incredible Iron Chair,"Automotive, Books & Shoes",91.88,95
Mediocre Rubber Keyboard,"Health, Clothing & Computers",89.66,28
Durable Marble Watch,Toys & Industrial,34.37,25
Synergistic Granite Knife,Health & Movies,4.84,80
Sleek Copper Pants,Games,44.14,37
Durable Leather Hat,"Movies, Books & Toys",60.4,31
Small Linen Shoes,Grocery & Computers,58.76,90
Aerodynamic Wooden Shoes,"Grocery, Health & Games",41.69,3
Practical Rubber Clock,"Toys, Outdoors & Books",13.26,4
Enormous Concrete Keyboard,Automotive & Clothing,24.21,56
Fantastic Wooden Coat,"Industrial, Beauty & Clothing",36.42,78
Ergonomic Steel Knife,Home & Computers,73.87,77
Incredible Wooden Shoes,"Electronics, Games & Tools",85.5,94
Gorgeous Wooden Chair,Toys,32.43,1
Durable Rubber Shoes,Outdoors,15.48,70
Synergistic Aluminum Bench,"Electronics, Industrial & Toys",48.49,16
Incredible Cotton Watch,Outdoors & Computers,67.02,54
Fantastic Marble Hat,Beauty & Music,19.56,91
Intelligent Paper Table,"Automotive, Home & Shoes",3.74,56
Aerodynamic Paper Lamp,"Automotive, Computers & Beauty",33.89,55
Incredible Concrete Lamp,Garden,59.44,16
Enormous Marble Table,Clothing,62.37,71
Gorgeous Plastic Pants,"Baby, Toys & Automotive",76.41,83
Durable Iron Wallet,Movies & Toys,65.12,52
Practical Aluminum Car,Electronics,53.51,86
Rustic Concrete Wallet,Electronics & Health,74.16,44
Heavy Duty Wooden Plate,Shoes,51.15,3
Gorgeous Silk Knife,Grocery,44.39,52
Small Copper Computer,Shoes & Movies,42.17,69
Incredible Wool Watch,Automotive,74.01,97
Fantastic Wooden Hat,"Toys, Jewelery & Beauty",56.05,84
Awesome Marble Watch,Sports & Grocery,21.62,80
Sleek Concrete Clock,Toys,72.39,59
Gorgeous Cotton Knife,Shoes,92.49,40
Durable Concrete Keyboard,Grocery & Home,81.69,30
Aerodynamic Silk Gloves,"Movies, Electronics & Outdoors",82.45,24
Synergistic Concrete Lamp,Automotive,94.21,24
Awesome Steel Clock,Computers & Jewelery,72.69,97
Durable Linen Hat,Grocery & Sports,29.7,6
Mediocre Steel Computer,Tools,76.11,63
Heavy Duty Concrete Gloves,"Beauty, Garden & Health",40.06,45
Mediocre Bronze Bench,Music,77.46,71
Small Silk Pants,"Outdoors, Beauty & Tools",46.96,54
Awesome Paper Hat,Computers,65.14,33
Intelligent Silk Table,"Shoes, Beauty & Computers",82.39,90
Fantastic Bronze Bottle,Jewelery & Books,78.24,93
Durable Leather Watch,Baby & Garden,51.19,0
Heavy Duty Marble Lamp,Kids,47.4,13
Aerodynamic Bronze Plate,Baby & Kids,86.17,64
Enormous Plastic Hat,Computers,21.2,4
Fantastic Bronze Watch,Movies,43.58,55
Fantastic Leather Clock,Baby & Kids,38.53,17
Sleek Iron Knife,"Grocery, Clothing & Movies",6.42,72
Lightweight Concrete Clock,"Kids, Sports & Baby",50.02,100
Rustic Plastic Chair,"Home, Industrial & Health",61.37,45
Heavy Duty Wool Lamp,Garden,41.26,69
Small Aluminum Bottle,Computers,48.91,47
Rustic Steel Knife,Sports,95.3,20
Sleek Rubber Hat,"Toys, Outdoors & Sports",37.71,29
Sleek Leather Bottle,Home,28.98,82
Awesome Silk Coat,Movies & Automotive,10.41,59
Small Paper Bottle,Kids,23.46,60
Mediocre Plastic Clock,Kids & Toys,88.45,29
Incredible Bronze Shoes,"Automotive, Baby & Clothing",68.51,15
Small Bronze Car,"Kids, Health & Automotive",68.06,94
Ergonomic Linen Clock,Kids,20.85,61
Awesome Marble Computer,"Books, Electronics & Computers",99.81,55
Durable Wool Lamp,Home,2.86,66
Lightweight Copper Clock,"Music, Books & Sports",62.9,45
Aerodynamic Rubber Shoes,"Garden, Home & Games",50.99,71
Enormous Granite Chair,Books,54.26,99
Durable Linen Hat,Kids & Tools,40.62,84
Rustic Aluminum Watch,Clothing,88.39,66
Small Linen Table,Electronics & Baby,33.8,30
Durable Plastic Knife,Toys & Automotive,49.25,35
Rustic Bronze Keyboard,Toys & Kids,34.16,18
Ergonomic Granite Knife,"Garden, Games & Baby",94.8,24
Gorgeous Paper Computer,Tools,6.8,51
Awesome Wool Knife,"Shoes, Computers & Toys",97.97,83
Mediocre Bronze Bench,"Garden, Games & Music",74.72,8
Aerodynamic Iron Clock,Kids,29.23,58
Incredible Wool Wallet,"Kids, Books & Clothing",17.66,74
Rustic Concrete Clock,"Beauty, Automotive & Baby",66.2,100
Gorgeous Linen Shirt,Shoes & Clothing,25.52,20
Enormous Paper Chair,Garden,41.54,60
Fantastic Linen Hat,Books,35.8,54
Gorgeous Paper Coat,Electronics,4.99,75
Gorgeous Copper Wallet,"Beauty, Movies & Garden",93.84,35
Awesome Aluminum Keyboard,Books & Shoes,61.58,75
Small Silk Bag,Automotive & Home,63.9,92
Mediocre Wooden Table,"Music, Sports & Books",84.74,70
Ergonomic Bronze Watch,Jewelery & Electronics,21.55,54
Ergonomic Concrete Table,Toys & Tools,74.13,70
Practical Iron Clock,Music & Kids,48.8,96
Enormous Steel Knife,Movies & Beauty,98.58,54
Mediocre Steel Clock,Electronics & Computers,58.57,70
Durable Wooden Plate,Electronics,70.11,16
Heavy Duty Concrete Coat,"Movies, Garden & Books",98.8,76
Heavy Duty Steel Bottle,Beauty & Baby,84.62,61
Gorgeous Wooden Pants,Electronics & Computers,28.87,3
Enormous Linen Chair,Home,16.69,13
Incredible Wooden Hat,Jewelery & Music,63.54,91
Incredible Wool Watch,"Tools, Home & Computers",17.79,17
Sleek Marble Lamp,"Games, Sports & Baby",5.39,100
Small Wooden Knife,Jewelery,76.08,26
Small Iron Bag,Garden & Sports,79.81,12
Enormous Marble Computer,"Sports, Industrial & Electronics",46.57,1
Synergistic Steel Computer,Tools & Health,50.6,45
Heavy Duty Bronze Computer,Electronics,14.34,10
Awesome Leather Bench,Shoes & Computers,55.74,85
Gorgeous Concrete Shirt,Shoes,85.32,75
Rustic Rubber Computer,"Electronics, Industrial & Shoes",24.7,49
Small Paper Watch,Outdoors,19.21,61
Heavy Duty Cotton Lamp,Home,66.07,89
Incredible Granite Pants,Outdoors & Health,62.13,83
Enormous Silk Watch,Games & Outdoors,76.77,46
Mediocre Cotton Bottle,Baby & Grocery,32.11,62
Aerodynamic Linen Bag,Games & Shoes,71.22,9
Enormous Linen Gloves,"Kids, Industrial & Shoes",99.83,65
Rustic Copper Plate,Garden & Shoes,59.01,89
Awesome Marble Knife,Health & Garden,31.47,83
Fantastic Paper Car,Shoes,85.45,63
Mediocre Leather Wallet,"Electronics, Clothing & Industrial",35.64,93
Lightweight Wooden Coat,"Toys, Industrial & Beauty",12.33,66
Aerodynamic Marble Pants,Books,95.75,3
Gorgeous Granite Clock,Movies,83.9,33
Lightweight Silk Clock,Toys,57.45,42
Incredible Granite Car,Outdoors & Baby,96.38,41
Heavy Duty Wooden Pants,Kids,74.91,66
Synergistic Linen Watch,Electronics,96.64,99
Enormous Paper Table,Games,1.69,10
Rustic Leather Chair,"Games, Movies & Toys",4.78,84
Durable Marble Knife,Electronics,40.1,40
Gorgeous Linen Shirt,"Toys, Games & Sports",67.22,89
Durable Wool Lamp,Movies,99.82,6
Small Cotton Shirt,Movies,3.2,57
Synergistic Paper Lamp,Home,75.04,54
Gorgeous Paper Keyboard,Baby,31.2,12
Sleek Silk Bottle,"Computers, Baby & Kids",55.24,7
Enormous Linen Gloves,"Games, Grocery & Toys",83.7,92
Small Copper Bench,Computers,50.27,61
Practical Bronze Pants,Health,34.46,2
Intelligent Paper Shirt,"Books, Beauty & Outdoors",70.61,43
Sleek Leather Shirt,"Jewelery, Sports & Grocery",73.31,29
Sleek Linen Hat,Electronics & Sports,74.39,100
Rustic Leather Gloves,Computers & Movies,56.52,6
Rustic Silk Hat,"Music, Jewelery & Garden",34.62,58
Synergistic Linen Shirt,Electronics,39.68,89
Awesome Copper Clock,Computers,91.99,21
Awesome Marble Computer,"Tools, Grocery & Outdoors",81.55,85
Heavy Duty Iron Car,"Tools, Clothing & Garden",12.93,80
Rustic Wooden Computer,Industrial,97.3,63
Sleek Marble Bench,"Toys, Computers & Outdoors",99.27,52
Rustic Marble Watch,"Clothing, Shoes & Automotive",6.52,80
Rustic Aluminum Pants,Music,89.0,51
Intelligent Steel Watch,Toys,44.38,39
Durable Granite Knife,Beauty,98.04,52
Ergonomic Cotton Coat,Shoes & Garden,8.79,6
Ergonomic Iron Wallet,Industrial,84.95,24
Small Cotton Clock,"Outdoors, Toys & Books",92.41,0
Incredible Granite Clock,"Grocery, Electronics & Toys",68.28,22
Gorgeous Steel Chair,Clothing,96.92,97
Awesome Iron Knife,Home,74.32,71
Aerodynamic Concrete Clock,Home,75.76,70
Gorgeous Leather Shirt,Toys & Baby,57.6,79
Rustic Aluminum Bottle,"Tools, Shoes & Automotive",2.26,87
Heavy Duty Bronze Chair,Grocery,78.52,90
Sleek Leather Clock,"Garden, Electronics & Books",84.68,87
Lightweight Plastic Wallet,Music,34.77,1
Intelligent Silk Bag,Clothing,34.03,3
Ergonomic Silk Car,Toys,79.44,78
Lightweight Paper Chair,"Garden, Shoes & Industrial",91.47,71
Ergonomic Leather Bag,Jewelery & Movies,81.09,67
Sleek Plastic Shirt,"Grocery, Industrial & Books",42.61,32
Sleek Bronze Keyboard,"Music, Tools & Computers",41.31,92
Durable Linen Bench,Industrial & Electronics,92.7,17
Durable Wool Pants,"Sports, Electronics & Toys",92.45,79
Fantastic Wool Watch,Outdoors,55.07,16
Awesome Steel Keyboard,"Books, Health & Sports",55.48,28
Incredible Marble Bench,"Tools, Games & Toys",83.39,22
Durable Paper Shirt,Automotive & Clothing,49.95,22
Ergonomic Wooden Watch,"Sports, Kids & Baby",54.26,16
Enormous Linen Plate,Clothing & Movies,40.59,20
Awesome Silk Computer,"Sports, Clothing & Kids",97.56,79
Heavy Duty Wool Bottle,"Books, Movies & Industrial",68.7,67
Synergistic Wool Hat,Garden & Tools,84.82,45
Ergonomic Aluminum Bench,"Beauty, Clothing & Automotive",74.05,99
Small Wool Knife,Books & Sports,24.51,68
Incredible Iron Hat,"Health, Movies & Books",57.58,69
Rustic Aluminum Shirt,"Books, Toys & Baby",1.07,47
Synergistic Granite Computer,Outdoors & Health,72.17,44
Awesome Wooden Keyboard,Books,33.63,49
Synergistic Aluminum Keyboard,Books,73.7,69
Enormous Plastic Lamp,"Beauty, Baby & Books",60.67,77
Mediocre Granite Gloves,"Sports, Garden & Jewelery",71.11,64
Incredible Marble Shoes,Shoes,46.84,14
Fantastic Wooden Lamp,Garden,19.23,18
Incredible Leather Bottle,Beauty & Games,36.97,86
Fantastic Iron Gloves,"Automotive, Computers & Movies",75.83,17
Gorgeous Steel Lamp,Health,10.35,45
Awesome Granite Hat,"Books, Toys & Movies",12.87,17
Lightweight Iron Bench,Games,92.93,50
Intelligent Granite Bag,"Electronics, Sports & Grocery",78.1,19
Heavy Duty Aluminum Clock,Sports & Baby,54.47,13
Mediocre Plastic Car,"Clothing, Kids & Games",37.57,13
Incredible Copper Plate,Games & Beauty,55.34,97
Incredible Silk Car,"Beauty, Health & Sports",99.73,28
Awesome Rubber Chair,"Baby, Kids & Jewelery",35.35,69
Incredible Cotton Hat,Beauty & Grocery,20.99,76
Practical Wooden Knife,Industrial & Movies,35.59,35
Fantastic Wooden Bag,Garden,89.98,12
Enormous Leather Car,"Computers, Clothing & Industrial",42.35,86
Ergonomic Paper Pants,"Industrial, Toys & Grocery",81.91,67
Awesome Aluminum Keyboard,Beauty & Home,11.97,76
Sleek Bronze Gloves,"Grocery, Kids & Tools",69.18,100
Ergonomic Rubber Pants,"Games, Industrial & Grocery",20.78,38
Practical Wooden Wallet,Toys & Grocery,65.66,38
Small Silk Bag,"Industrial, Beauty & Baby",47.04,31
Small Wooden Gloves,"Tools, Grocery & Beauty",76.25,31
Mediocre Linen Plate,Jewelery & Outdoors,45.43,4
Mediocre Granite Shirt,Computers & Shoes,33.73,21
Synergistic Concrete Watch,Kids & Sports,9.01,98
Aerodynamic Bronze Keyboard,"Grocery, Home & Outdoors",9.46,61
Awesome Copper Pants,Movies & Home,58.51,38
Lightweight Steel Chair,Automotive,68.14,42
Incredible Cotton Table,Games,87.3,33
Aerodynamic Aluminum Keyboard,Garden,80.03,20
Small Wooden Wallet,Jewelery & Tools,26.46,87
Intelligent Wooden Bag,Jewelery,66.87,19
Practical Wool Shoes,Music,52.69,12
Enormous Paper Lamp,Tools,2.04,76
Awesome Granite Chair,Games,61.32,29
Small Wooden Shoes,Electronics,27.76,56
Practical Leather Wallet,Grocery,38.61,55
Awesome Plastic Bench,Games & Clothing,78.07,87
Rustic Paper Lamp,Movies & Shoes,85.23,87
Sleek Wool Keyboard,Automotive & Movies,25.32,6
Mediocre Cotton Clock,Computers,62.08,17
Heavy Duty Rubber Bench,"Outdoors, Clothing & Sports",40.59,21
Intelligent Granite Clock,"Shoes, Beauty & Music",40.59,99
Practical Bronze Watch,Shoes & Automotive,97.87,68
Durable Linen Pants,Automotive & Beauty,66.55,40
Enormous Iron Computer,"Sports, Computers & Clothing",20.81,45
Lightweight Plastic Bag,Tools,27.52,77
Incredible Bronze Coat,"Books, Home & Jewelery",49.65,28
Mediocre Granite Bench,Music & Beauty,16.17,62
Aerodynamic Cotton Shirt,Shoes & Clothing,52.88,85
Incredible Wooden Clock,Industrial & Health,16.58,58
Intelligent Wool Bench,Clothing,14.05,93
Durable Leather Knife,Clothing,41.69,28
Synergistic Cotton Hat,"Shoes, Home & Computers",19.51,63
Practical Steel Knife,Electronics & Sports,32.37,30
Fantastic Copper Coat,"Garden, Electronics & Health",70.46,19
Gorgeous Iron Plate,"Movies, Outdoors & Books",96.94,62
Enormous Plastic Lamp,"Kids, Tools & Industrial",7.52,43
Aerodynamic Marble Wallet,Movies & Outdoors,94.88,58
Awesome Aluminum Gloves,Garden,10.29,52
Heavy Duty Bronze Shirt,Computers & Games,89.92,83
Ergonomic Steel Bag,Outdoors & Books,16.72,55
Rustic Aluminum Coat,"Tools, Music & Industrial",14.03,24
Practical Paper Wallet,Computers & Home,38.0,63
Sleek Concrete Shirt,"Music, Games & Sports",23.91,25
Lightweight Silk Bench,"Computers, Tools & Books",12.09,33
Enormous Wooden Hat,Toys,25.67,50
Mediocre Wool Chair,Movies & Books,48.66,49
Rustic Cotton Gloves,"Computers, Toys & Home",16.75,76
Rustic Copper Lamp,Kids & Shoes,82.11,12
Rustic Aluminum Plate,"Clothing, Industrial & Shoes",31.82,81
Small Wooden Knife,Automotive,68.56,59
Small Silk Clock,"Books, Kids & Automotive",93.45,77
Enormous Concrete Table,Electronics,92.57,59
Awesome Wool Wallet,"Tools, Computers & Garden",21.85,46
Gorgeous Steel Coat,Music,85.01,5
Gorgeous Aluminum Clock,Movies,31.98,93
Fantastic Rubber Bag,Outdoors & Grocery,26.94,7
Practical Silk Bench,Tools & Health,11.46,81
Synergistic Granite Computer,Sports,30.68,81
Lightweight Linen Bag,Electronics,69.12,65
Aerodynamic Wooden Shoes,"Computers, Kids & Garden",7.96,92
Heavy Duty Linen Coat,Clothing & Tools,27.1,14
Heavy Duty Steel Bench,Industrial & Health,13.72,69
Rustic Wooden Bag,"Music, Sports & Shoes",54.84,38
Rustic Concrete Hat,Music & Clothing,81.35,78
Sleek Aluminum Shoes,"Games, Clothing & Kids",47.09,41
Lightweight Cotton Shirt,Grocery,21.08,7
Rustic Granite Gloves,Tools,51.02,13
Rustic Marble Wallet,"Baby, Automotive & Industrial",36.46,28
Aerodynamic Silk Chair,Toys,11.15,63
Lightweight Linen Hat,"Garden, Games & Beauty",38.17,94
Mediocre Silk Watch,Kids & Games,48.69,58
Enormous Rubber Table,Beauty & Shoes,63.81,58
Durable Wool Wallet,Music & Home,51.92,29
Practical Marble Shoes,"Music, Electronics & Baby",96.17,18
Durable Linen Wallet,Clothing & Kids,24.25,49
Synergistic Concrete Bench,"Kids, Clothing & Grocery",1.87,48
Lightweight Copper Bottle,"Sports, Baby & Music",18.02,92
Enormous Rubber Bottle,Home,68.68,36
Ergonomic Granite Lamp,Beauty & Music,38.09,18
Small Wooden Lamp,Games,22.98,55
Synergistic Concrete Knife,Music & Clothing,10.68,30
Practical Cotton Lamp,Tools,46.4,63
Practical Granite Gloves,Industrial,30.68,49
Synergistic Leather Plate,Kids,38.49,79
Aerodynamic Leather Bench,Beauty & Automotive,84.18,41
Sleek Silk Shoes,Grocery,52.77,26
Durable Paper Pants,Computers,15.12,60
Aerodynamic Leather Gloves,Industrial & Shoes,26.82,24
Mediocre Aluminum Table,"Computers, Sports & Jewelery",80.42,61
Ergonomic Leather Shirt,Clothing & Toys,67.03,87
Practical Paper Keyboard,"Games, Grocery & Outdoors",35.11,44
Practical Cotton Bag,"Garden, Health & Tools",71.46,21
Rustic Cotton Shirt,Jewelery & Health,0.46,68
Incredible Paper Pants,Toys,37.1,74
Lightweight Silk Bottle,Automotive,30.7,19
Lightweight Concrete Coat,"Outdoors, Home & Books",46.94,23
Incredible Concrete Clock,"Baby, Games & Beauty",62.59,71
Intelligent Paper Knife,Electronics,21.93,63
Ergonomic Silk Chair,Computers,73.77,47
Synergistic Rubber Pants,Tools & Computers,10.46,31
Synergistic Silk Pants,Beauty,79.23,98
Synergistic Bronze Wallet,"Health, Automotive & Beauty",68.35,82
Lightweight Marble Pants,Industrial & Automotive,55.1,38
Fantastic Wool Chair,Shoes & Outdoors,22.71,67
Enormous Concrete Computer,Garden & Computers,45.13,91
Ergonomic Concrete Plate,Health,0.89,39
Lightweight Silk Keyboard,"Jewelery, Clothing & Toys",83.35,68
Fantastic Concrete Hat,Industrial,38.27,28
Ergonomic Silk Chair,Clothing,53.68,22
Lightweight Bronze Bench,Industrial & Clothing,5.38,87
Rustic Granite Clock,Books & Grocery,84.86,91
Awesome Paper Clock,Industrial & Baby,71.13,50
Synergistic Iron Watch,Books,33.83,55
Gorgeous Silk Hat,"Tools, Sports & Health",71.46,78
Synergistic Leather Hat,Books,91.68,82
Incredible Marble Lamp,Tools,33.95,41
Fantastic Bronze Watch,"Electronics, Sports & Grocery",22.15,66
Fantastic Aluminum Table,Electronics,92.59,63
Rustic Paper Bottle,Home & Baby,98.6,61
Aerodynamic Cotton Bench,Baby & Electronics,3.98,8
Rustic Rubber Chair,Kids,11.28,41
Ergonomic Linen Keyboard,"Computers, Industrial & Toys",43.03,69
Lightweight Paper Hat,"Automotive, Grocery & Music",85.03,43
Mediocre Marble Keyboard,Games,66.8,23
Heavy Duty Wooden Pants,Kids & Books,69.16,79
Gorgeous Paper Lamp,Sports,26.04,15
Gorgeous Cotton Shirt,"Automotive, Music & Industrial",64.77,37
Gorgeous Steel Computer,Automotive & Toys,53.73,98
Awesome Silk Bench,Outdoors,46.1,2
Synergistic Rubber Keyboard,Shoes & Baby,60.27,68
Durable Leather Plate,Movies & Tools,84.7,93
Heavy Duty Silk Car,Industrial,48.57,94
Durable Aluminum Chair,Clothing & Baby,8.6,91
Enormous Linen Keyboard,Sports & Clothing,37.67,47
Enormous Wooden Keyboard,Movies & Electronics,54.17,76
Aerodynamic Cotton Coat,Toys & Movies,24.71,79
Sleek Linen Coat,"Movies, Industrial & Home",11.55,13
Sleek Steel Bag,"Movies, Baby & Automotive",77.32,34
Practical Cotton Clock,Toys,92.57,31
Aerodynamic Concrete Keyboard,Kids,39.31,21
Heavy Duty Copper Lamp,Shoes,79.47,26
Durable Leather Chair,Computers & Music,32.96,51
Practical Rubber Coat,Automotive & Sports,31.63,34
Intelligent Silk Watch,Outdoors,60.83,59
Intelligent Granite Bottle,Baby,68.58,85
Practical Paper Keyboard,"Automotive, Outdoors & Home",22.92,4
Sleek Aluminum Table,"Jewelery, Music & Automotive",61.37,61
Mediocre Wool Lamp,"Health, Electronics & Tools",81.34,55
Awesome Cotton Car,"Outdoors, Tools & Electronics",13.71,71
Intelligent Leather Shirt,Outdoors,56.54,4
Heavy Duty Cotton Car,Shoes & Sports,93.01,86
Incredible Wooden Bottle,Clothing & Music,65.0,48
Gorgeous Linen Coat,Beauty & Grocery,37.26,53
Awesome Bronze Shoes,Sports & Garden,59.22,92
Synergistic Rubber Computer,Music,40.32,20
Durable Cotton Chair,"Industrial, Beauty & Baby",33.3,44
Awesome Leather Lamp,"Games, Automotive & Kids",99.01,33
Small Rubber Lamp,Tools & Industrial,5.48,56
Durable Concrete Computer,Garden,68.09,85
Durable Paper Wallet,Toys,64.53,35
Lightweight Granite Table,Toys & Sports,12.44,84
Enormous Aluminum Knife,Jewelery,26.07,34
Durable Paper Computer,Automotive & Industrial,18.36,43
Rustic Silk Clock,Health & Clothing,10.76,22
Rustic Granite Plate,Beauty & Automotive,29.08,95
Awesome Paper Knife,"Garden, Computers & Shoes",30.22,99
Awesome Plastic Shirt,Grocery,98.75,21
Gorgeous Leather Table,Electronics,25.67,55
Rustic Linen Computer,Computers,26.21,5
Intelligent Bronze Bench,Baby & Sports,63.11,76
Intelligent Linen Pants,Games & Industrial,44.7,72
Heavy Duty Rubber Clock,"Automotive, Toys & Music",61.3,49
Rustic Bronze Shirt,"Movies, Beauty & Outdoors",25.94,37
Sleek Steel Knife,"Music, Baby & Toys",14.87,88
Sleek Copper Shirt,Automotive & Garden,74.34,43
Gorgeous Steel Shoes,Baby & Movies,20.17,30
Gorgeous Copper Computer,Toys & Baby,79.45,16
Rustic Cotton Plate,Beauty & Tools,31.75,40
Small Aluminum Car,Games,90.3,92
Lightweight Wooden Computer,"Beauty, Automotive & Shoes",85.42,22
Enormous Copper Watch,Movies & Kids,72.43,54
Gorgeous Granite Watch,Health,57.49,57
Enormous Plastic Plate,Baby & Books,27.01,25
Synergistic Bronze Coat,Automotive,76.3,59
Rustic Copper Coat,"Industrial, Grocery & Outdoors",10.34,4
Synergistic Linen Plate,Jewelery,15.28,48
Synergistic Copper Computer,Electronics & Computers,70.19,76
Practical Leather Coat,Beauty & Grocery,33.36,5
Sleek Concrete Keyboard,Toys,6.33,32
Mediocre Marble Table,Movies,83.68,89
Ergonomic Wool Knife,Baby,92.68,13
Awesome Bronze Knife,Electronics & Toys,52.9,55
Intelligent Paper Hat,"Baby, Garden & Sports",9.29,74
Incredible Aluminum Knife,Home & Baby,6.89,84
Incredible Cotton Chair,Beauty,13.85,86
Awesome Iron Watch,Electronics,60.97,93
Practical Rubber Shoes,Automotive & Jewelery,65.3,66
Durable Concrete Gloves,Books & Computers,51.87,28
Durable Cotton Hat,Industrial & Shoes,94.46,32
Gorgeous Aluminum Clock,Beauty & Jewelery,42.85,60
Awesome Paper Knife,"Music, Shoes & Computers",78.97,74
Rustic Concrete Chair,"Kids, Games & Movies",74.96,60
Gorgeous Plastic Bottle,"Music, Games & Tools",57.93,20
Ergonomic Leather Coat,Toys,95.2,87
Enormous Marble Keyboard,Kids,21.63,41
Mediocre Wooden Bag,Garden,41.8,70
Intelligent Cotton Coat,Electronics & Clothing,80.53,49
Synergistic Concrete Chair,Sports,47.85,69
Small Concrete Knife,Outdoors,50.62,66
Practical Steel Pants,"Health, Outdoors & Industrial",94.83,86
Ergonomic Steel Gloves,Beauty & Clothing,16.11,19
Sleek Silk Hat,"Tools, Music & Automotive",99.16,38
Rustic Marble Wallet,Music & Toys,2.52,53
Lightweight Linen Clock,Beauty,29.63,36
Mediocre Aluminum Chair,Baby,22.21,51
Gorgeous Granite Wallet,Jewelery,0.36,25
Sleek Paper Lamp,"Home, Automotive & Electronics",4.5,35
Fantastic Granite Chair,Electronics,96.73,16
Synergistic Silk Table,Clothing & Movies,27.52,93
Ergonomic Steel Bag,"Books, Movies & Health",26.02,80
Lightweight Wooden Car,"Movies, Beauty & Electronics",3.89,89
Incredible Concrete Chair,Outdoors,84.45,68
Awesome Wooden Knife,Shoes & Books,42.35,99
Practical Leather Knife,Grocery,84.98,34
Aerodynamic Concrete Hat,Books & Shoes,35.66,47
Awesome Paper Keyboard,"Sports, Tools & Outdoors",59.4,82
Rustic Aluminum Car,Computers,57.9,37
Mediocre Wool Shirt,Kids,31.63,52
Gorgeous Wool Bottle,Computers,11.45,65
Synergistic Linen Plate,Industrial & Beauty,35.1,9
Aerodynamic Linen Knife,Books,89.61,78
Synergistic Silk Lamp,Home,11.47,88
Rustic Rubber Clock,"Garden, Beauty & Tools",40.68,56
Aerodynamic Wool Plate,"Books, Music & Garden",5.3,35
Lightweight Silk Chair,Games & Computers,32.43,43
Enormous Concrete Wallet,Home & Automotive,96.18,11
Sleek Leather Keyboard,Jewelery,13.33,99
Sleek Wool Pants,Computers & Garden,35.59,38
Synergistic Cotton Pants,Tools & Outdoors,45.97,36
Small Paper Bottle,Industrial & Jewelery,97.83,89
Durable Marble Shoes,Movies,80.02,61
Awesome Bronze Chair,Beauty & Clothing,25.8,67
Sleek Steel Lamp,"Baby, Toys & Movies",51.55,89
Awesome Marble Coat,"Games, Movies & Beauty",75.2,47
Practical Bronze Coat,Health & Jewelery,65.8,66
Aerodynamic Rubber Knife,Games & Clothing,58.15,6
Lightweight Leather Chair,Automotive & Jewelery,48.3,40
Enormous Rubber Watch,Kids & Health,56.79,9
Lightweight Concrete Chair,Shoes & Clothing,4.97,35
Aerodynamic Bronze Coat,Jewelery & Garden,2.42,40
Aerodynamic Iron Bottle,Home,12.13,63
Incredible Linen Table,"Jewelery, Grocery & Clothing",20.59,13
Aerodynamic Wool Bag,Health,15.62,51
Incredible Cotton Chair,"Movies, Clothing & Home",26.33,3
Lightweight Wool Shirt,Beauty,56.85,71
Synergistic Rubber Clock,"Baby, Electronics & Jewelery",17.08,34
Gorgeous Leather Keyboard,Books,27.56,19
Awesome Concrete Bag,Music,53.96,29
Lightweight Bronze Bottle,Games,40.45,10
Enormous Bronze Gloves,Tools & Beauty,95.42,93
Mediocre Marble Keyboard,"Grocery, Sports & Electronics",84.94,31
Small Rubber Shirt,"Automotive, Tools & Shoes",86.31,15
Heavy Duty Marble Lamp,"Baby, Books & Health",45.13,27
Heavy Duty Steel Pants,"Baby, Movies & Kids",34.38,33
Enormous Wooden Table,Automotive,0.04,18
Awesome Aluminum Shoes,Kids & Grocery,8.27,46
Lightweight Wooden Bottle,"Books, Health & Computers",98.97,41
Lightweight Bronze Watch,Home,74.25,18
Sleek Marble Lamp,Computers,75.37,17
Ergonomic Aluminum Keyboard,"Industrial, Tools & Music",83.91,0
Ergonomic Silk Coat,"Toys, Baby & Clothing",72.07,52
Incredible Cotton Bag,Movies & Electronics,19.92,1
Mediocre Rubber Pants,"Shoes, Kids & Home",86.84,2
Incredible Rubber Clock,Beauty,16.13,30
Practical Rubber Pants,Electronics,67.02,89
Gorgeous Wooden Bag,"Electronics, Books & Jewelery",23.77,74
Aerodynamic Rubber Plate,"Electronics, Tools & Outdoors",67.38,7
Fantastic Concrete Bench,"Computers, Books & Grocery",21.53,26
Lightweight Concrete Lamp,Electronics & Games,72.9,11
Lightweight Linen Wallet,"Baby, Tools & Industrial",5.38,5
Gorgeous Wooden Bench,"Books, Home & Grocery",36.33,63
Intelligent Leather Pants,"Garden, Toys & Baby",11.43,51
Fantastic Iron Hat,Books,44.04,92
Practical Copper Bench,"Electronics, Jewelery & Home",63.22,6
Durable Plastic Bench,Health & Baby,16.27,28
Enormous Concrete Shoes,Industrial,73.52,82
Heavy Duty Wool Gloves,Books,66.19,38
Sleek Silk Shirt,"Grocery, Kids & Industrial",70.35,71
Mediocre Cotton Bottle,"Baby, Computers & Home",7.1,64
Ergonomic Wool Computer,Toys,99.62,33
Synergistic Paper Shirt,Clothing,20.78,70
Ergonomic Bronze Pants,Shoes,43.12,18
Awesome Wool Gloves,"Grocery, Home & Kids",71.84,49
Aerodynamic Bronze Keyboard,Baby,46.55,75
Sleek Leather Wallet,Health,92.95,36
Aerodynamic Wool Clock,Garden & Automotive,65.36,75
Gorgeous Copper Bottle,Baby,67.8,63
Rustic Cotton Bottle,Toys & Baby,47.55,81
Heavy Duty Steel Keyboard,Baby & Shoes,63.04,94
Intelligent Paper Table,"Baby, Sports & Electronics",18.17,98
Intelligent Wooden Bench,"Tools, Health & Outdoors",28.87,47
Mediocre Bronze Wallet,"Computers, Baby & Home",46.55,56
Rustic Iron Wallet,Outdoors,21.01,38
Intelligent Wooden Shirt,"Clothing, Computers & Tools",4.04,49
Mediocre Copper Plate,Outdoors & Tools,93.33,12
Small Iron Shirt,Books & Sports,24.82,42
Synergistic Wooden Bottle,Baby & Electronics,56.06,84
Intelligent Iron Gloves,Kids & Health,29.74,77
Awesome Paper Coat,Games,5.48,71
Fantastic Bronze Table,"Kids, Health & Jewelery",58.21,39
Gorgeous Leather Watch,Kids & Books,87.7,5
Aerodynamic Paper Car,Books & Electronics,35.98,36
Lightweight Steel Watch,Outdoors,13.75,71
Rustic Marble Knife,"Shoes, Movies & Clothing",18.01,70
Mediocre Granite Bag,Industrial,97.59,77
Synergistic Concrete Knife,Industrial,53.49,82
Rustic Wool Bag,Tools,77.42,85
Fantastic Paper Bag,Kids & Sports,88.92,92
Mediocre Granite Coat,Jewelery & Kids,39.59,26
Heavy Duty Steel Keyboard,Garden,30.18,41
Incredible Steel Bag,Toys,60.57,35
Small Plastic Wallet,"Music, Movies & Grocery",93.95,34
Small Paper Gloves,"Beauty, Games & Toys",84.1,22
Practical Aluminum Computer,Automotive & Grocery,75.19,84
Intelligent Linen Plate,"Movies, Kids & Tools",39.43,9
Mediocre Granite Bench,Jewelery,89.33,3
Fantastic Rubber Wallet,"Industrial, Home & Music",25.91,95
Small Bronze Keyboard,"Garden, Tools & Industrial",13.14,22
Practical Linen Pants,Clothing,64.61,61
Durable Copper Bottle,Beauty & Movies,44.44,20
Enormous Silk Shoes,Kids,25.99,43
Ergonomic Wooden Bottle,Grocery & Books,55.44,64
Sleek Granite Bench,"Toys, Computers & Automotive",66.69,58
Enormous Bronze Table,Shoes,13.2,76
Mediocre Bronze Hat,Books & Home,60.15,28
Aerodynamic Granite Knife,Tools & Outdoors,73.4,95
Rustic Steel Coat,"Garden, Tools & Clothing",9.47,82
Fantastic Paper Bench,"Industrial, Movies & Books",6.6,90
Enormous Marble Wallet,"Sports, Automotive & Jewelery",96.85,67
Lightweight Cotton Lamp,"Sports, Shoes & Toys",4.33,22
Intelligent Wool Knife,Health & Beauty,59.23,1
Practical Iron Coat,Computers & Music,48.16,41
Gorgeous Aluminum Shirt,Clothing & Industrial,14.01,53
Heavy Duty Rubber Knife,Baby,75.33,34
Sleek Rubber Pants,"Toys, Sports & Industrial",20.51,0
Synergistic Wool Shirt,Automotive,27.17,16
Practical Granite Gloves,Shoes & Electronics,59.48,47
Heavy Duty Iron Chair,Clothing & Movies,50.06,49
Gorgeous Steel Coat,Jewelery & Sports,39.31,76
Fantastic Plastic Pants,Health,30.82,1
Awesome Rubber Chair,Electronics & Shoes,9.97,26
Rustic Silk Bench,"Music, Garden & Sports",73.11,88
Ergonomic Copper Wallet,"Home, Beauty & Shoes",80.99,58
Aerodynamic Aluminum Coat,Automotive & Garden,72.28,10
Gorgeous Paper Clock,"Kids, Jewelery & Computers",91.29,61
Synergistic Linen Watch,Computers,17.13,66
Small Iron Wallet,Health,55.48,3
Synergistic Cotton Chair,Outdoors,23.26,5
Gorgeous Steel Table,Electronics & Tools,67.26,7
Synergistic Plastic Computer,Jewelery,40.29,22
Aerodynamic Paper Plate,Health & Outdoors,56.39,56
Durable Aluminum Computer,"Movies, Beauty & Books",0.27,60
Synergistic Marble Pants,Sports & Clothing,29.52,98
Synergistic Plastic Bottle,Home,51.83,49
Small Bronze Computer,Computers,98.13,41
Aerodynamic Cotton Knife,Automotive & Grocery,94.22,29
Awesome Silk Watch,Books & Toys,17.59,26
Heavy Duty Concrete Keyboard,Home,67.09,36
Intelligent Steel Bottle,Baby & Beauty,34.52,8
Fantastic Aluminum Shirt,"Jewelery, Garden & Toys",11.16,35
Durable Linen Plate,"Movies, Games & Clothing",10.01,17
Rustic Bronze Pants,Electronics,44.24,24
Lightweight Iron Plate,Health,85.4,20
Awesome Copper Coat,Movies & Outdoors,56.04,6
Intelligent Paper Coat,"Clothing, Grocery & Outdoors",67.78,11
Aerodynamic Leather Hat,Automotive,97.93,86
Small Aluminum Gloves,Health & Tools,52.87,83
Small Aluminum Watch,Home & Automotive,98.12,24
Gorgeous Bronze Coat,Shoes,23.57,25
Sleek Paper Bag,Garden,1.35,45
Awesome Rubber Keyboard,Computers & Music,54.89,69
Incredible Concrete Plate,Industrial,16.26,70
Aerodynamic Wooden Gloves,Garden & Computers,97.79,70
Ergonomic Linen Knife,"Computers, Jewelery & Books",22.34,4
Practical Wool Chair,Beauty,44.65,67
Ergonomic Wooden Pants,"Music, Computers & Clothing",29.53,93
Sleek Silk Bottle,Kids & Electronics,85.44,41
Fantastic Wooden Bag,Home,13.55,44
Enormous Wooden Pants,Books,54.51,86
Fantastic Rubber Bench,"Clothing, Outdoors & Games",24.63,54
Ergonomic Bronze Plate,Tools & Books,48.8,65
Practical Paper Computer,Sports & Home,80.26,6
Awesome Paper Watch,Automotive & Outdoors,83.04,59
Practical Cotton Shoes,Toys & Shoes,66.31,57
Gorgeous Marble Shirt,Home,41.06,30
Aerodynamic Wooden Bag,Baby,9.63,97
Incredible Iron Bottle,Books,2.88,9
Aerodynamic Leather Table,Games & Clothing,31.78,76
Awesome Marble Bench,Books & Home,24.87,63
Heavy Duty Copper Knife,"Clothing, Toys & Health",83.38,93
Practical Silk Lamp,Movies,51.6,90
Ergonomic Rubber Clock,Music & Electronics,4.86,86
Enormous Aluminum Bag,Clothing & Music,16.44,26
Rustic Plastic Lamp,Grocery & Books,58.5,43
Incredible Wooden Gloves,Music & Movies,15.28,46
Synergistic Wooden Computer,Outdoors,97.79,92
Synergistic Linen Table,Outdoors,79.95,46
Synergistic Silk Shoes,Toys & Automotive,0.52,66
Gorgeous Granite Bench,"Jewelery, Health & Beauty",47.1,43
Synergistic Copper Coat,"Toys, Music & Kids",21.35,43
Durable Granite Plate,Garden & Games,65.39,88
Ergonomic Aluminum Bench,"Movies, Toys & Sports",15.44,72
Ergonomic Leather Gloves,"Baby, Jewelery & Health",25.9,99
Fantastic Cotton Computer,"Jewelery, Beauty & Home",58.48,81
Lightweight Wooden Car,Jewelery & Garden,93.46,26
Incredible Silk Table,"Grocery, Beauty & Clothing",29.28,91
Durable Wooden Bench,"Garden, Music & Grocery",37.03,45
Intelligent Concrete Gloves,Automotive,66.47,22
Synergistic Plastic Wallet,Kids,32.37,86
Incredible Wooden Plate,Movies & Kids,29.05,65
Sleek Linen Table,"Jewelery, Beauty & Electronics",39.19,72
Synergistic Plastic Bench,Industrial,31.38,11
Enormous Granite Gloves,Clothing,71.3,30
Sleek Silk Car,Grocery & Kids,63.31,43
Small Iron Car,Industrial & Books,94.72,80
Small Bronze Watch,"Industrial, Beauty & Music",85.77,85
Sleek Plastic Table,"Books, Baby & Computers",65.61,90
Lightweight Bronze Clock,Automotive,90.2,64
Intelligent Iron Chair,Outdoors,92.45,11
Small Concrete Wallet,Automotive & Garden,91.51,35
Rustic Leather Bench,"Tools, Grocery & Electronics",23.28,64
Small Leather Computer,Automotive,33.1,33
Incredible Copper Bag,Books & Automotive,15.37,66
Ergonomic Bronze Knife,"Grocery, Home & Tools",0.82,60
Durable Rubber Lamp,"Games, Tools & Industrial",67.95,27
Intelligent Granite Clock,Electronics,15.27,60
Heavy Duty Wool Hat,"Kids, Health & Outdoors",51.2,59
Rustic Rubber Gloves,Sports,59.77,33
Durable Steel Shirt,"Tools, Clothing & Toys",86.79,15
Sleek Plastic Pants,Beauty,66.41,28
Incredible Copper Keyboard,Kids,19.0,56
Lightweight Granite Chair,"Books, Home & Computers",40.27,96
Aerodynamic Cotton Pants,"Health, Garden & Kids",49.42,14
Rustic Silk Lamp,Industrial & Electronics,41.51,97
Enormous Granite Keyboard,"Computers, Industrial & Health",6.82,19
Synergistic Silk Coat,Industrial,8.1,26
Lightweight Cotton Pants,Industrial & Music,0.49,72
Practical Linen Car,Movies,50.08,48
Small Rubber Shoes,Garden & Toys,21.26,8
Intelligent Bronze Wallet,Home,85.81,72
Enormous Plastic Bottle,"Baby, Tools & Books",55.12,100
Practical Marble Watch,Sports & Beauty,41.24,0
Incredible Aluminum Watch,Shoes,31.0,14
Sleek Bronze Shoes,Garden,8.17,21
Incredible Wooden Clock,"Baby, Sports & Computers",3.12,43
Gorgeous Marble Clock,Beauty,61.9,46
Mediocre Copper Plate,Tools & Baby,51.32,6
Enormous Linen Plate,Automotive,51.55,91
Heavy Duty Cotton Bottle,Baby,31.08,17
Mediocre Iron Computer,Garden,93.51,90
Ergonomic Copper Gloves,Beauty,74.47,18
Lightweight Marble Wallet,Tools & Games,43.55,54
Fantastic Cotton Watch,Beauty & Outdoors,16.93,11
Durable Rubber Knife,Home & Books,46.64,26
Aerodynamic Plastic Hat,Clothing & Outdoors,95.23,70
Durable Iron Hat,"Sports, Clothing & Electronics",4.69,55
Practical Cotton Bottle,Sports & Health,40.93,40
Ergonomic Aluminum Bench,Jewelery & Books,82.84,60
Lightweight Silk Table,Automotive & Games,47.08,65
Heavy Duty Paper Chair,"Grocery, Home & Electronics",54.07,63
Synergistic Concrete Shoes,Industrial & Music,55.8,25
Gorgeous Paper Shirt,Shoes,87.63,15
Enormous Concrete Watch,Kids,95.57,22
Small Linen Hat,Grocery & Beauty,23.19,11
Intelligent Copper Wallet,Tools & Movies,93.24,28
Intelligent Marble Computer,"Garden, Health & Games",90.08,95
Practical Aluminum Watch,"Home, Toys & Music",47.68,49
Lightweight Silk Keyboard,Tools & Outdoors,25.38,34
Rustic Cotton Lamp,Games,20.7,34
Small Wool Bag,"Sports, Books & Computers",98.72,68
Awesome Wooden Plate,Health,20.24,82
Incredible Concrete Wallet,Automotive & Garden,76.47,22
Awesome Iron Coat,"Sports, Computers & Grocery",39.4,99
Ergonomic Bronze Table,Health & Games,24.34,84
Heavy Duty Steel Chair,"Games, Movies & Kids",7.81,13
Intelligent Plastic Clock,"Kids, Grocery & Books",3.38,51
Durable Wooden Pants,Grocery & Books,95.9,67
Durable Paper Keyboard,Sports & Shoes,21.04,0
Lightweight Concrete Watch,Sports & Jewelery,2.57,31
Lightweight Marble Computer,"Jewelery, Home & Baby",15.29,67
Durable Copper Pants,"Games, Computers & Movies",58.35,75
Small Granite Bottle,Music,59.83,82
Awesome Wool Gloves,Books & Home,55.7,32
Ergonomic Aluminum Hat,"Baby, Electronics & Books",82.56,42
Durable Aluminum Pants,"Kids, Toys & Home",82.13,96
Incredible Leather Wallet,Industrial,48.44,76
Synergistic Marble Car,"Health, Music & Movies",85.02,32
Incredible Copper Plate,Home,19.41,47
Ergonomic Granite Shirt,Jewelery,52.15,60
Ergonomic Copper Bottle,"Movies, Music & Games",6.92,37
Awesome Wooden Lamp,"Automotive, Garden & Kids",24.94,69
Ergonomic Plastic Pants,Movies,84.54,40
Lightweight Linen Pants,Computers & Music,93.97,17
Intelligent Wooden Lamp,"Industrial, Music & Clothing",13.28,1
Lightweight Granite Watch,Sports & Baby,96.99,9
Practical Leather Bag,Clothing & Tools,44.56,3
Ergonomic Linen Knife,"Books, Tools & Industrial",92.12,73
Enormous Rubber Car,Clothing,83.99,25
Sleek Cotton Gloves,Shoes,51.49,96
Enormous Plastic Clock,Garden & Jewelery,72.75,9
Lightweight Cotton Wallet,Movies,27.18,43
Incredible Iron Gloves,Computers,92.61,84
Durable Linen Watch,Home,86.39,67
Lightweight Copper Plate,Toys & Health,72.39,65
Practical Rubber Wallet,"Movies, Outdoors & Jewelery",98.64,9
Synergistic Steel Plate,Music & Beauty,37.62,12
Aerodynamic Copper Watch,Grocery,82.27,31
Fantastic Copper Bench,Shoes,89.89,53
Small Concrete Bench,Movies & Industrial,88.26,35
Heavy Duty Wooden Keyboard,Baby & Toys,0.16,31
Intelligent Plastic Gloves,"Books, Garden & Electronics",83.6,14
Small Granite Pants,Shoes & Music,60.39,69
Sleek Silk Bottle,Tools,19.48,97
Heavy Duty Copper Plate,"Kids, Movies & Health",27.1,80
Synergistic Concrete Hat,"Jewelery, Industrial & Kids",4.3,65
Small Linen Table,Grocery,24.22,16
Lightweight Cotton Bench,Computers,78.5,19
Awesome Marble Chair,Garden,88.54,78
Incredible Leather Bottle,"Computers, Clothing & Grocery",65.78,30
Aerodynamic Linen Pants,"Toys, Kids & Shoes",41.55,80
Gorgeous Granite Shoes,Home,8.45,51
Intelligent Rubber Car,"Clothing, Shoes & Sports",93.22,16
Enormous Steel Hat,Shoes,34.18,81
Practical Aluminum Table,"Industrial, Clothing & Beauty",53.01,85
Awesome Cotton Coat,Clothing & Movies,73.83,43
Small Marble Shoes,Industrial,47.86,98
Incredible Concrete Car,Shoes,61.57,35
Durable Concrete Pants,Movies,59.66,47
Durable Leather Lamp,"Sports, Toys & Shoes",12.59,21
Intelligent Iron Knife,Movies,7.79,60
Aerodynamic Granite Bench,Home,16.06,64
Heavy Duty Aluminum Plate,Games,7.59,7
Fantastic Wooden Car,Tools,41.76,85
Incredible Paper Computer,Computers,78.77,28
Synergistic Granite Keyboard,"Tools, Music & Home",44.82,83
Small Plastic Shirt,Home,73.89,96
Incredible Wool Shirt,Industrial & Beauty,30.52,42
Gorgeous Cotton Bench,Health,80.85,83
Ergonomic Paper Car,Baby,92.38,83
Sleek Marble Watch,"Outdoors, Electronics & Home",46.92,49
Gorgeous Cotton Chair,"Toys, Shoes & Baby",67.78,13
Durable Steel Table,Computers,14.38,55
Rustic Silk Car,"Grocery, Home & Books",9.53,83
Incredible Linen Wallet,Games,37.16,7
Heavy Duty Linen Hat,"Beauty, Movies & Jewelery",30.58,45
Fantastic Steel Keyboard,Shoes & Sports,65.82,76
Intelligent Linen Shirt,Jewelery & Books,36.27,16
Synergistic Copper Bottle,"Garden, Games & Kids",41.55,57
Heavy Duty Plastic Chair,Games,14.9,76
Durable Cotton Plate,Electronics & Movies,72.75,99
Synergistic Wool Clock,Kids,50.69,61
Heavy Duty Iron Bench,Electronics & Automotive,83.82,40
Ergonomic Granite Chair,"Toys, Baby & Jewelery",70.97,20
Fantastic Rubber Shirt,Tools & Kids,21.04,95
Sleek Aluminum Gloves,"Sports, Health & Jewelery",46.15,3
Awesome Wool Clock,"Tools, Games & Baby",88.3,96
Gorgeous Wooden Shoes,Computers,88.03,92
Awesome Copper Clock,Clothing,87.29,41
Ergonomic Concrete Car,"Toys, Sports & Games",22.74,84
Mediocre Wool Gloves,Outdoors & Sports,71.11,70
Practical Aluminum Wallet,Kids & Beauty,43.06,78
Fantastic Iron Car,Toys & Health,71.1,75
Heavy Duty Silk Bag,Books,36.45,84
Intelligent Bronze Shirt,"Kids, Clothing & Grocery",72.14,96
Incredible Steel Shirt,Outdoors & Shoes,43.81,69
Rustic Rubber Car,Jewelery & Kids,33.4,10
Incredible Granite Gloves,"Outdoors, Electronics & Garden",35.97,75
Fantastic Linen Chair,"Outdoors, Tools & Computers",57.22,58
Synergistic Marble Watch,"Shoes, Jewelery & Movies",54.39,80
Enormous Plastic Bottle,"Jewelery, Health & Beauty",71.44,98
Gorgeous Aluminum Plate,Sports,15.92,5
Durable Bronze Car,Shoes & Kids,42.15,14
Durable Aluminum Plate,"Outdoors, Beauty & Jewelery",80.35,68
Heavy Duty Cotton Keyboard,"Automotive, Electronics & Beauty",26.81,100
Heavy Duty Rubber Computer,Kids & Health,2.54,15
Small Paper Car,Toys,3.54,38
Fantastic Concrete Plate,Books,78.87,94
Fantastic Bronze Clock,Kids,33.36,81
Heavy Duty Copper Clock,Clothing & Computers,23.37,44
Durable Steel Watch,Jewelery,43.66,51
Sleek Cotton Bench,Tools & Computers,80.99,18
Incredible Aluminum Wallet,Computers & Outdoors,6.35,36
Heavy Duty Iron Clock,Jewelery & Electronics,69.33,91
Mediocre Steel Plate,"Sports, Automotive & Clothing",96.39,55
Incredible Rubber Gloves,Clothing,73.74,94
Gorgeous Iron Bench,Toys,36.0,0
Incredible Concrete Chair,Computers & Outdoors,53.62,25
Heavy Duty Wool Car,Automotive & Computers,69.11,50
Heavy Duty Steel Table,Outdoors & Shoes,27.69,29
Small Steel Coat,Electronics,43.43,17
Small Wool Car,Electronics & Tools,37.17,7
Heavy Duty Plastic Chair,"Clothing, Beauty & Tools",88.49,9
Sleek Wool Bag,Shoes,37.21,59
Sleek Paper Car,Outdoors,73.94,1
Durable Steel Pants,"Baby, Music & Electronics",22.12,84
Rustic Granite Knife,"Garden, Industrial & Tools",88.41,48
Awesome Cotton Knife,Outdoors,73.91,29
Gorgeous Plastic Bag,"Shoes, Home & Baby",89.28,49
Gorgeous Concrete Coat,Toys & Shoes,33.37,13
Gorgeous Copper Knife,Clothing,27.27,95
Mediocre Marble Chair,Baby & Sports,93.46,55
Incredible Wooden Knife,Sports,87.57,81
Awesome Concrete Wallet,Outdoors & Kids,76.03,43
Heavy Duty Linen Gloves,"Outdoors, Garden & Health",92.02,24
Awesome Leather Gloves,"Industrial, Beauty & Garden",47.24,49
Awesome Marble Gloves,Shoes & Toys,96.95,89
Awesome Copper Car,Health,24.72,73
Small Plastic Keyboard,"Industrial, Health & Books",95.17,73
Aerodynamic Bronze Lamp,Movies,30.16,58
Heavy Duty Aluminum Car,Electronics,64.15,14
Enormous Marble Bench,"Health, Sports & Baby",11.99,64
Lightweight Paper Hat,"Computers, Games & Kids",28.63,57
Sleek Iron Bench,Home,12.77,7
Heavy Duty Leather Coat,"Electronics, Music & Beauty",78.8,35
Awesome Silk Knife,Shoes & Health,18.98,9
Fantastic Aluminum Watch,Tools,9.7,72
Incredible Wooden Clock,Sports,36.72,17
Awesome Marble Chair,Movies & Electronics,30.02,84
Small Bronze Computer,Garden & Jewelery,49.94,72
Gorgeous Wooden Clock,"Electronics, Kids & Toys",97.36,74
Sleek Bronze Plate,"Kids, Health & Garden",51.92,71
Lightweight Copper Table,"Grocery, Shoes & Garden",65.69,36
Small Granite Car,Shoes,93.53,65
Mediocre Plastic Gloves,Industrial,79.9,20
Aerodynamic Wooden Lamp,Beauty,8.28,4
Aerodynamic Rubber Computer,Jewelery & Grocery,97.06,30
Awesome Paper Bag,Electronics,20.95,76
Aerodynamic Rubber Knife,Garden & Electronics,36.27,27
Mediocre Rubber Watch,Home,3.26,92
Awesome Granite Keyboard,"Tools, Sports & Games",42.47,44
Rustic Copper Gloves,Garden & Industrial,95.98,91
Mediocre Iron Clock,"Games, Health & Baby",0.53,59
Aerodynamic Wool Bench,"Outdoors, Clothing & Baby",24.59,11
Ergonomic Concrete Computer,Grocery & Baby,37.13,22
Lightweight Cotton Bottle,Electronics,62.91,100
Aerodynamic Iron Wallet,Books & Sports,71.9,32
Durable Paper Knife,Tools,23.55,67
Incredible Wool Bottle,"Movies, Garden & Shoes",26.37,98
Small Paper Bag,"Automotive, Baby & Grocery",2.98,83
Small Silk Knife,"Games, Shoes & Garden",80.02,22
Durable Marble Plate,"Electronics, Health & Games",11.03,48
Heavy Duty Wooden Wallet,Automotive & Sports,85.63,40
Incredible Bronze Bottle,Grocery & Toys,86.17,58
Small Wooden Table,"Shoes, Garden & Grocery",5.97,42
Fantastic Cotton Car,Clothing & Tools,88.2,12
Mediocre Linen Bench,Computers,97.7,66
Durable Wool Shirt,Garden & Electronics,82.3,83
Mediocre Cotton Gloves,"Shoes, Health & Books",69.38,15
Rustic Linen Wallet,Kids & Movies,6.25,2
Lightweight Rubber Lamp,Grocery,49.31,11
Practical Silk Chair,Sports & Jewelery,30.19,13
Incredible Linen Bench,Beauty & Computers,7.12,75
Practical Wooden Table,"Tools, Home & Industrial",21.63,50
Ergonomic Copper Hat,"Computers, Electronics & Shoes",36.67,56
Gorgeous Leather Chair,"Outdoors, Home & Beauty",85.97,17
Synergistic Concrete Computer,Automotive,92.17,63
Mediocre Concrete Computer,Games & Shoes,64.53,64
Fantastic Concrete Bench,Games & Jewelery,64.06,42
Small Copper Pants,Shoes & Grocery,41.71,39
Awesome Steel Knife,Home,68.58,59
Ergonomic Granite Bench,"Shoes, Garden & Baby",99.87,25
Mediocre Bronze Gloves,Sports & Games,1.9,16
Mediocre Wool Plate,Electronics & Outdoors,46.73,21
Small Linen Chair,"Automotive, Electronics & Industrial",94.78,45
Fantastic Steel Gloves,Movies & Jewelery,72.25,86
Synergistic Rubber Gloves,Sports,44.41,32
Ergonomic Aluminum Bottle,Kids & Music,49.49,13
Rustic Linen Shirt,Toys,22.03,96
Fantastic Steel Lamp,Beauty,29.55,74
Sleek Copper Pants,Home,8.3,25
Sleek Aluminum Pants,Books & Industrial,87.75,10
Incredible Marble Shirt,Outdoors & Jewelery,88.7,54
Intelligent Leather Car,"Automotive, Beauty & Music",9.71,24
Fantastic Wool Keyboard,Games & Health,71.67,56
Synergistic Bronze Wallet,Jewelery & Clothing,25.77,12
Awesome Cotton Plate,Books,32.24,85
Lightweight Granite Computer,Beauty & Tools,32.05,34
Mediocre Plastic Computer,Tools,23.87,29
Practical Steel Chair,Kids,87.17,57
Gorgeous Granite Car,Shoes,33.97,94
Fantastic Cotton Wallet,Kids,13.14,83
Sleek Cotton Hat,Outdoors,60.29,4
Ergonomic Rubber Wallet,"Electronics, Sports & Kids",34.34,67
Heavy Duty Linen Table,Computers,18.9,79
Ergonomic Concrete Shirt,Jewelery,95.07,52
Small Cotton Chair,Beauty,33.23,56
Enormous Marble Shoes,"Grocery, Beauty & Jewelery",68.34,15
Aerodynamic Aluminum Wallet,Shoes,12.06,76
Rustic Copper Chair,Outdoors & Grocery,8.44,82
Intelligent Wool Gloves,Games & Home,0.92,2
Incredible Steel Shoes,Movies,76.59,66
Synergistic Copper Plate,Electronics & Jewelery,23.38,91
Sleek Linen Bag,Music,74.47,91
Gorgeous Rubber Bench,"Kids, Outdoors & Games",61.09,99
Intelligent Marble Shoes,Sports & Music,93.43,9
Synergistic Leather Wallet,"Automotive, Baby & Jewelery",97.23,85
Sleek Iron Watch,"Baby, Tools & Kids",55.97,54
Small Paper Car,Jewelery,3.95,32
Gorgeous Marble Bottle,"Computers, Movies & Automotive",98.01,92
Awesome Linen Bench,Toys & Jewelery,16.42,90
Gorgeous Concrete Chair,Beauty & Health,38.08,7
Synergistic Steel Pants,Shoes,1.43,96
Incredible Marble Bench,Toys & Beauty,98.56,85
Sleek Concrete Chair,"Grocery, Games & Outdoors",3.33,64
Lightweight Iron Hat,"Toys, Grocery & Books",50.47,69
Synergistic Marble Coat,Movies & Tools,23.02,77
Fantastic Linen Pants,"Beauty, Books & Industrial",7.26,42
Awesome Plastic Pants,Movies,15.79,50
Lightweight Paper Computer,Home,77.13,52
Enormous Wooden Watch,Health,27.32,98
Fantastic Wool Bag,Sports,71.36,93
Ergonomic Aluminum Hat,Movies & Outdoors,46.85,90
Rustic Silk Clock,"Industrial, Garden & Books",53.92,2
Synergistic Wooden Plate,Grocery,99.97,2
Awesome Bronze Lamp,Tools,44.11,87
Sleek Silk Bag,Books & Jewelery,80.39,35
Ergonomic Silk Bag,Outdoors & Kids,97.23,100
Small Leather Table,"Outdoors, Shoes & Health",75.94,90
Awesome Copper Lamp,Sports,23.76,44
Enormous Leather Clock,Music,97.43,67
Fantastic Wool Wallet,Electronics,31.87,71
Fantastic Silk Hat,"Computers, Shoes & Electronics",63.63,75
Practical Concrete Chair,Toys,12.74,66
