name,department,price,user_email,purchase_date
Lightweight Iron Knife,Tools & Computers,62.01,mose.powlowski@gmail.com,2016-01-11
Mediocre Aluminum Clock,Clothing & Jewelery,17.67,sylvan@yahoo.com,2016-01-05
Aerodynamic Iron Knife,Beauty,20.92,saul@hotmail.com,2015-12-27
Practical Wool Bench,Health & Grocery,50.76,jamir.ritchie@yahoo.com,2015-12-20
Fantastic Linen Chair,"Grocery, Outdoors & Shoes",19.53,donny.ondricka@hotmail.com,2015-12-24
Rustic Silk Lamp,"Clothing, Games & Computers",41.19,jamel@yahoo.com,2016-01-09
Heavy Duty Wool Bag,"Shoes, Clothing & Outdoors",28.77,earnestine@gmail.com,2016-01-03
Durable Aluminum Lamp,Music & Clothing,81.61,brook@yahoo.com,2015-12-16
Incredible Copper Watch,Electronics,63.91,darren_lueilwitz@yahoo.com,2016-01-09
Sleek Cotton Computer,"Grocery, Industrial & Books",61.37,cheyanne_fadel@gmail.com,2015-12-19
Synergistic Wool Bag,"Kids, Music & Computers",63.37,adelbert@gmail.com,2015-12-12
Aerodynamic Wooden Computer,"Movies, Toys & Garden",62.2,vaughn_douglas@gmail.com,2015-12-15
Awesome Aluminum Shirt,Electronics & Baby,84.53,lauryn.goyette@gmail.com,2015-12-23
Gorgeous Aluminum Table,"Baby, Electronics & Outdoors",81.79,alene.mccullough@gmail.com,2015-12-25
Synergistic Wool Hat,Games & Jewelery,77.13,lila@gmail.com,2015-12-30
Small Wool Pants,Electronics & Sports,41.51,jon@yahoo.com,2016-01-09
Ergonomic Steel Bench,Garden & Jewelery,9.92,quinn_fisher@yahoo.com,2015-12-14
Practical Cotton Bench,Books & Home,35.05,ofelia_wisozk@gmail.com,2016-01-11
Incredible Copper Pants,Toys & Beauty,24.43,faustino.schmitt@yahoo.com,2015-12-24
Gorgeous Steel Coat,"Automotive, Books & Grocery",55.03,jeanie_kerluke@yahoo.com,2015-12-17
Lightweight Steel Hat,Kids & Industrial,92.57,margarett@gmail.com,2016-01-11
Gorgeous Concrete Bag,"Grocery, Health & Toys",69.71,lavon@yahoo.com,2015-12-15
Awesome Marble Car,"Shoes, Health & Games",48.96,helga.walter@yahoo.com,2015-12-18
Sleek Rubber Bottle,Garden,47.46,nola.adams@hotmail.com,2015-12-27
Aerodynamic Bronze Bottle,Automotive,95.2,modesto@gmail.com,2015-12-15
Heavy Duty Marble Knife,Jewelery & Home,70.5,lori.kemmer@gmail.com,2015-12-29
Durable Copper Bottle,Shoes,86.93,stephan@hotmail.com,2015-12-16
Practical Iron Bag,Jewelery,75.82,leone@gmail.com,2015-12-13
Synergistic Cotton Knife,Toys & Games,80.98,kody@yahoo.com,2015-12-13
Mediocre Aluminum Clock,"Toys, Music & Automotive",82.41,caria.mertz@gmail.com,2016-01-07
Fantastic Silk Watch,Games,90.6,elvera@hotmail.com,2016-01-03
Ergonomic Leather Shirt,Grocery & Books,49.42,xavier@hotmail.com,2015-12-26
Incredible Steel Coat,Tools & Health,70.96,vernon.okeefe@hotmail.com,2015-12-18
Fantastic Cotton Keyboard,Garden,48.67,lourdes.wisoky@hotmail.com,2015-12-13
Small Rubber Car,Clothing,15.43,vada@hotmail.com,2015-12-23
Synergistic Bronze Keyboard,Jewelery,3.46,sylvan_damore@gmail.com,2016-01-06
Gorgeous Copper Lamp,"Tools, Toys & Books",13.97,camryn@yahoo.com,2015-12-12
Awesome Linen Clock,Electronics,98.0,karli@hotmail.com,2015-12-28
Enormous Steel Car,"Automotive, Books & Tools",16.57,megane.olson@gmail.com,2016-01-05
Small Silk Lamp,Sports,34.32,annalise.beatty@gmail.com,2015-12-19
Heavy Duty Marble Car,Electronics & Sports,42.59,ramiro.gerlach@yahoo.com,2015-12-22
Fantastic Silk Gloves,Garden,70.38,celia@gmail.com,2015-12-24
Fantastic Wooden Clock,Toys & Baby,5.88,lance@gmail.com,2015-12-21
Synergistic Linen Pants,"Electronics, Garden & Books",75.86,richard_murphy@yahoo.com,2016-01-02
Gorgeous Copper Gloves,"Toys, Shoes & Beauty",45.8,bridie@yahoo.com,2015-12-19
Fantastic Leather Shoes,Home & Computers,7.43,emilie@gmail.com,2016-01-09
Fantastic Granite Gloves,Games & Electronics,72.55,audie_ledner@gmail.com,2015-12-27
Sleek Bronze Chair,"Clothing, Kids & Automotive",28.68,peter_runolfon@gmail.com,2015-12-28
Incredible Iron Chair,"Automotive, Books & Shoes",91.88,darren.anderson@hotmail.com,2016-01-11
Mediocre Rubber Keyboard,"Health, Clothing & Computers",89.66,melany@hotmail.com,2015-12-29
Durable Marble Watch,Toys & Industrial,34.37,melyna.kohler@gmail.com,2016-01-06
Synergistic Granite Knife,Health & Movies,4.84,paige.reynolds@hotmail.com,2015-12-12
Sleek Copper Pants,Games,44.14,maybell_moore@yahoo.com,2015-12-12
Durable Leather Hat,"Movies, Books & Toys",60.4,brannon.shanahan@hotmail.com,2015-12-28
Small Linen Shoes,Grocery & Computers,58.76,emmalee@gmail.com,2015-12-16
Aerodynamic Wooden Shoes,"Grocery, Health & Games",41.69,cyril@yahoo.com,2016-01-01
Practical Rubber Clock,"Toys, Outdoors & Books",13.26,blair@hotmail.com,2015-12-23
Enormous Concrete Keyboard,Automotive & Clothing,24.21,ervin@gmail.com,2015-12-24
Fantastic Wooden Coat,"Industrial, Beauty & Clothing",36.42,bria@hotmail.com,2015-12-13
Ergonomic Steel Knife,Home & Computers,73.87,monserrate_reilly@gmail.com,2015-12-24
Incredible Wooden Shoes,"Electronics, Games & Tools",85.5,kyleigh_kautzer@gmail.com,2015-12-20
Gorgeous Wooden Chair,Toys,32.43,betty@yahoo.com,2016-01-06
Durable Rubber Shoes,Outdoors,15.48,irwin@yahoo.com,2016-01-09
Synergistic Aluminum Bench,"Electronics, Industrial & Toys",48.49,leone_gaylord@hotmail.com,2016-01-06
Incredible Cotton Watch,Outdoors & Computers,67.02,katelin.kunde@hotmail.com,2015-12-17
Fantastic Marble Hat,Beauty & Music,19.56,esmeralda_cummerata@yahoo.com,2015-12-18
Intelligent Paper Table,"Automotive, Home & Shoes",3.74,cristobal_emard@hotmail.com,2015-12-17
Aerodynamic Paper Lamp,"Automotive, Computers & Beauty",33.89,pat.wiegand@hotmail.com,2015-12-28
Incredible Concrete Lamp,Garden,59.44,jules.braun@hotmail.com,2016-01-03
Enormous Marble Table,Clothing,62.37,domenico@yahoo.com,2015-12-24
Gorgeous Plastic Pants,"Baby, Toys & Automotive",76.41,dalton@hotmail.com,2015-12-17
Durable Iron Wallet,Movies & Toys,65.12,cory@yahoo.com,2016-01-10
Practical Aluminum Car,Electronics,53.51,scotty_crooks@hotmail.com,2015-12-15
Rustic Concrete Wallet,Electronics & Health,74.16,cody@gmail.com,2015-12-19
Heavy Duty Wooden Plate,Shoes,51.15,jeffery_boyer@hotmail.com,2015-12-17
Gorgeous Silk Knife,Grocery,44.39,baron_ortiz@gmail.com,2015-12-21
Small Copper Computer,Shoes & Movies,42.17,trinity@hotmail.com,2015-12-23
Incredible Wool Watch,Automotive,74.01,shayne@yahoo.com,2016-01-11
Fantastic Wooden Hat,"Toys, Jewelery & Beauty",56.05,clare@hotmail.com,2015-12-17
Awesome Marble Watch,Sports & Grocery,21.62,armand_rath@hotmail.com,2015-12-27
Sleek Concrete Clock,Toys,72.39,ernestina@gmail.com,2015-12-29
Gorgeous Cotton Knife,Shoes,92.49,lela.kohler@hotmail.com,2016-01-09
Durable Concrete Keyboard,Grocery & Home,81.69,andrew_rutherford@hotmail.com,2015-12-17
Aerodynamic Silk Gloves,"Movies, Electronics & Outdoors",82.45,jeffery_hegmann@hotmail.com,2015-12-31
Synergistic Concrete Lamp,Automotive,94.21,columbus@yahoo.com,2015-12-13
Awesome Steel Clock,Computers & Jewelery,72.69,lauretta_wolf@gmail.com,2016-01-03
Durable Linen Hat,Grocery & Sports,29.7,keshaun.von@hotmail.com,2015-12-18
Mediocre Steel Computer,Tools,76.11,lera.homenick@yahoo.com,2015-12-29
Heavy Duty Concrete Gloves,"Beauty, Garden & Health",40.06,leta.fay@yahoo.com,2015-12-22
Mediocre Bronze Bench,Music,77.46,kian@yahoo.com,2015-12-30
Small Silk Pants,"Outdoors, Beauty & Tools",46.96,coralie@gmail.com,2015-12-15
Awesome Paper Hat,Computers,65.14,megane.orn@yahoo.com,2016-01-02
Intelligent Silk Table,"Shoes, Beauty & Computers",82.39,christian@hotmail.com,2015-12-14
Fantastic Bronze Bottle,Jewelery & Books,78.24,emmanuel@yahoo.com,2016-01-05
Durable Leather Watch,Baby & Garden,51.19,waylon.collier@yahoo.com,2015-12-29
Heavy Duty Marble Lamp,Kids,47.4,jacinto.kihn@hotmail.com,2015-12-23
Aerodynamic Bronze Plate,Baby & Kids,86.17,melyna@yahoo.com,2016-01-05
Enormous Plastic Hat,Computers,21.2,amelia_bruen@gmail.com,2015-12-16
Fantastic Bronze Watch,Movies,43.58,keira@gmail.com,2015-12-22
Fantastic Leather Clock,Baby & Kids,38.53,gregory.king@gmail.com,2015-12-31
Sleek Iron Knife,"Grocery, Clothing & Movies",6.42,felix@yahoo.com,2016-01-10
Lightweight Concrete Clock,"Kids, Sports & Baby",50.02,kailey.buckridge@gmail.com,2015-12-24
Rustic Plastic Chair,"Home, Industrial & Health",61.37,wilma_rogahn@gmail.com,2015-12-25
Heavy Duty Wool Lamp,Garden,41.26,fredy.gottlieb@hotmail.com,2016-01-11
Small Aluminum Bottle,Computers,48.91,rogers@gmail.com,2015-12-23
Rustic Steel Knife,Sports,95.3,randal_morar@yahoo.com,2016-01-05
Sleek Rubber Hat,"Toys, Outdoors & Sports",37.71,lizzie.bahringer@hotmail.com,2015-12-20
Sleek Leather Bottle,Home,28.98,manley_lynch@yahoo.com,2016-01-02
Awesome Silk Coat,Movies & Automotive,10.41,obie@gmail.com,2015-12-30
Small Paper Bottle,Kids,23.46,frederik_oconner@hotmail.com,2015-12-12
Mediocre Plastic Clock,Kids & Toys,88.45,saul@gmail.com,2016-01-01
Incredible Bronze Shoes,"Automotive, Baby & Clothing",68.51,luella@hotmail.com,2015-12-25
Small Bronze Car,"Kids, Health & Automotive",68.06,rowan_luettgen@yahoo.com,2015-12-15
Ergonomic Linen Clock,Kids,20.85,saul@yahoo.com,2015-12-12
Awesome Marble Computer,"Books, Electronics & Computers",99.81,kathleen.bode@yahoo.com,2015-12-14
Durable Wool Lamp,Home,2.86,lela.fay@yahoo.com,2015-12-15
Lightweight Copper Clock,"Music, Books & Sports",62.9,leon@hotmail.com,2016-01-01
Aerodynamic Rubber Shoes,"Garden, Home & Games",50.99,damon@gmail.com,2015-12-12
Enormous Granite Chair,Books,54.26,roberto.marks@yahoo.com,2015-12-25
Durable Linen Hat,Kids & Tools,40.62,landen.schmitt@hotmail.com,2015-12-28
Rustic Aluminum Watch,Clothing,88.39,jey_tromp@gmail.com,2015-12-15
Small Linen Table,Electronics & Baby,33.8,santino_haag@yahoo.com,2015-12-13
Durable Plastic Knife,Toys & Automotive,49.25,heloise@hotmail.com,2015-12-21
Rustic Bronze Keyboard,Toys & Kids,34.16,kasey_weinat@hotmail.com,2016-01-09
Ergonomic Granite Knife,"Garden, Games & Baby",94.8,jerald_price@yahoo.com,2016-01-04
Gorgeous Paper Computer,Tools,6.8,amelia_bayer@yahoo.com,2016-01-06
Awesome Wool Knife,"Shoes, Computers & Toys",97.97,dexter_dubuque@gmail.com,2016-01-09
Mediocre Bronze Bench,"Garden, Games & Music",74.72,hardy_padberg@hotmail.com,2015-12-12
Aerodynamic Iron Clock,Kids,29.23,deshawn_reilly@hotmail.com,2015-12-24
Incredible Wool Wallet,"Kids, Books & Clothing",17.66,oran@yahoo.com,2015-12-22
Rustic Concrete Clock,"Beauty, Automotive & Baby",66.2,jonas@hotmail.com,2016-01-10
Gorgeous Linen Shirt,Shoes & Clothing,25.52,julianne@yahoo.com,2015-12-21
Enormous Paper Chair,Garden,41.54,ben@yahoo.com,2016-01-03
Fantastic Linen Hat,Books,35.8,murphy_jacobs@hotmail.com,2016-01-03
Gorgeous Paper Coat,Electronics,4.99,mackenzie.hodkiewicz@hotmail.com,2016-01-08
Gorgeous Copper Wallet,"Beauty, Movies & Garden",93.84,mathilde@hotmail.com,2015-12-26
Awesome Aluminum Keyboard,Books & Shoes,61.58,brandy@yahoo.com,2015-12-26
Small Silk Bag,Automotive & Home,63.9,jedidiah.kihn@gmail.com,2015-12-13
Mediocre Wooden Table,"Music, Sports & Books",84.74,raphaelle@hotmail.com,2015-12-19
Ergonomic Bronze Watch,Jewelery & Electronics,21.55,sallie@gmail.com,2015-12-13
Ergonomic Concrete Table,Toys & Tools,74.13,ola.dietrich@yahoo.com,2015-12-23
Practical Iron Clock,Music & Kids,48.8,clifford@hotmail.com,2016-01-07
Enormous Steel Knife,Movies & Beauty,98.58,maribel_lind@gmail.com,2015-12-24
Mediocre Steel Clock,Electronics & Computers,58.57,destany@gmail.com,2016-01-04
Durable Wooden Plate,Electronics,70.11,guy.medhurst@hotmail.com,2015-12-12
Heavy Duty Concrete Coat,"Movies, Garden & Books",98.8,janae@hotmail.com,2015-12-30
Heavy Duty Steel Bottle,Beauty & Baby,84.62,vita@yahoo.com,2015-12-21
Gorgeous Wooden Pants,Electronics & Computers,28.87,adella@gmail.com,2015-12-30
Enormous Linen Chair,Home,16.69,manuel@hotmail.com,2015-12-24
Incredible Wooden Hat,Jewelery & Music,63.54,alvina@gmail.com,2015-12-18
Incredible Wool Watch,"Tools, Home & Computers",17.79,sheila@yahoo.com,2016-01-04
Sleek Marble Lamp,"Games, Sports & Baby",5.39,alexandra.lindgren@yahoo.com,2015-12-26
Small Wooden Knife,Jewelery,76.08,allen.langworth@hotmail.com,2016-01-02
Small Iron Bag,Garden & Sports,79.81,dawson@hotmail.com,2016-01-04
Enormous Marble Computer,"Sports, Industrial & Electronics",46.57,shanelle@gmail.com,2015-12-16
Synergistic Steel Computer,Tools & Health,50.6,jane@yahoo.com,2015-12-15
Heavy Duty Bronze Computer,Electronics,14.34,matteo_borer@hotmail.com,2015-12-28
Awesome Leather Bench,Shoes & Computers,55.74,halle_wyman@hotmail.com,2016-01-02
Gorgeous Concrete Shirt,Shoes,85.32,ladarius@hotmail.com,2015-12-17
Rustic Rubber Computer,"Electronics, Industrial & Shoes",24.7,alva@gmail.com,2015-12-12
Small Paper Watch,Outdoors,19.21,ebony.klocko@yahoo.com,2015-12-25
Heavy Duty Cotton Lamp,Home,66.07,leann_klocko@gmail.com,2015-12-12
Incredible Granite Pants,Outdoors & Health,62.13,dolly_olson@hotmail.com,2016-01-01
Enormous Silk Watch,Games & Outdoors,76.77,justine@hotmail.com,2016-01-10
Mediocre Cotton Bottle,Baby & Grocery,32.11,estevan_von@gmail.com,2016-01-04
Aerodynamic Linen Bag,Games & Shoes,71.22,juliet.johnson@gmail.com,2015-12-12
Enormous Linen Gloves,"Kids, Industrial & Shoes",99.83,will_brown@yahoo.com,2015-12-18
Rustic Copper Plate,Garden & Shoes,59.01,garland_mohr@gmail.com,2015-12-31
Awesome Marble Knife,Health & Garden,31.47,ward@hotmail.com,2015-12-21
Fantastic Paper Car,Shoes,85.45,loma.schinner@hotmail.com,2015-12-25
Mediocre Leather Wallet,"Electronics, Clothing & Industrial",35.64,shania.kovacek@hotmail.com,2015-12-22
Lightweight Wooden Coat,"Toys, Industrial & Beauty",12.33,matilde.steuber@hotmail.com,2016-01-10
Aerodynamic Marble Pants,Books,95.75,everette@yahoo.com,2015-12-19
Gorgeous Granite Clock,Movies,83.9,javonte.howell@hotmail.com,2015-12-12
Lightweight Silk Clock,Toys,57.45,christopher.dubuque@yahoo.com,2015-12-30
Incredible Granite Car,Outdoors & Baby,96.38,palma_cremin@hotmail.com,2016-01-08
Heavy Duty Wooden Pants,Kids,74.91,shawna@gmail.com,2016-01-10
Synergistic Linen Watch,Electronics,96.64,kenya.friesen@gmail.com,2016-01-01
Enormous Paper Table,Games,1.69,garland@gmail.com,2015-12-13
Rustic Leather Chair,"Games, Movies & Toys",4.78,ron_legros@yahoo.com,2015-12-28
Durable Marble Knife,Electronics,40.1,janie@gmail.com,2016-01-11
Gorgeous Linen Shirt,"Toys, Games & Sports",67.22,julianne@hotmail.com,2016-01-09
Durable Wool Lamp,Movies,99.82,jennings@gmail.com,2015-12-21
Small Cotton Shirt,Movies,3.2,marietta@yahoo.com,2015-12-13
Synergistic Paper Lamp,Home,75.04,leilani@gmail.com,2015-12-28
Gorgeous Paper Keyboard,Baby,31.2,holly@hotmail.com,2015-12-24
Sleek Silk Bottle,"Computers, Baby & Kids",55.24,thelma@hotmail.com,2015-12-13
Enormous Linen Gloves,"Games, Grocery & Toys",83.7,kurt_turcotte@hotmail.com,2015-12-19
Small Copper Bench,Computers,50.27,deonte_okon@hotmail.com,2016-01-08
Practical Bronze Pants,Health,34.46,jadon@yahoo.com,2015-12-25
Intelligent Paper Shirt,"Books, Beauty & Outdoors",70.61,noelia_blick@gmail.com,2015-12-25
Sleek Leather Shirt,"Jewelery, Sports & Grocery",73.31,donnell.brekke@yahoo.com,2016-01-03
Sleek Linen Hat,Electronics & Sports,74.39,fermin_metz@hotmail.com,2016-01-02
Rustic Leather Gloves,Computers & Movies,56.52,kian@hotmail.com,2015-12-30
Rustic Silk Hat,"Music, Jewelery & Garden",34.62,adela_emard@yahoo.com,2016-01-05
Synergistic Linen Shirt,Electronics,39.68,germaine_schroeder@hotmail.com,2015-12-15
Awesome Copper Clock,Computers,91.99,nicolas@hotmail.com,2015-12-19
Awesome Marble Computer,"Tools, Grocery & Outdoors",81.55,gay.williamson@gmail.com,2015-12-28
Heavy Duty Iron Car,"Tools, Clothing & Garden",12.93,raina@gmail.com,2015-12-21
Rustic Wooden Computer,Industrial,97.3,anita@gmail.com,2015-12-28
Sleek Marble Bench,"Toys, Computers & Outdoors",99.27,hertha_legros@yahoo.com,2015-12-13
Rustic Marble Watch,"Clothing, Shoes & Automotive",6.52,martine@gmail.com,2015-12-18
Rustic Aluminum Pants,Music,89.0,britney_stiedemann@gmail.com,2015-12-17
Intelligent Steel Watch,Toys,44.38,brock_marks@gmail.com,2015-12-18
Durable Granite Knife,Beauty,98.04,obie.schinner@gmail.com,2015-12-16
Ergonomic Cotton Coat,Shoes & Garden,8.79,antwon@yahoo.com,2015-12-24
Ergonomic Iron Wallet,Industrial,84.95,bartholome_zulauf@yahoo.com,2015-12-30
Small Cotton Clock,"Outdoors, Toys & Books",92.41,kobe@yahoo.com,2015-12-24
Incredible Granite Clock,"Grocery, Electronics & Toys",68.28,elton@gmail.com,2015-12-19
Gorgeous Steel Chair,Clothing,96.92,ethel@gmail.com,2016-01-09
Awesome Iron Knife,Home,74.32,mose@hotmail.com,2015-12-17
Aerodynamic Concrete Clock,Home,75.76,luisa.kerluke@gmail.com,2016-01-03
Gorgeous Leather Shirt,Toys & Baby,57.6,dana@gmail.com,2015-12-30
Rustic Aluminum Bottle,"Tools, Shoes & Automotive",2.26,carmel_ledner@yahoo.com,2016-01-09
Heavy Duty Bronze Chair,Grocery,78.52,margie@hotmail.com,2015-12-12
Sleek Leather Clock,"Garden, Electronics & Books",84.68,alda_bechtelar@yahoo.com,2016-01-05
Lightweight Plastic Wallet,Music,34.77,jackie@gmail.com,2016-01-10
Intelligent Silk Bag,Clothing,34.03,deshaun@gmail.com,2016-01-08
Ergonomic Silk Car,Toys,79.44,tyrese_mayer@hotmail.com,2015-12-22
Lightweight Paper Chair,"Garden, Shoes & Industrial",91.47,rex_sanford@hotmail.com,2015-12-13
Ergonomic Leather Bag,Jewelery & Movies,81.09,florencio@hotmail.com,2015-12-29
Sleek Plastic Shirt,"Grocery, Industrial & Books",42.61,leonor_kuvalis@hotmail.com,2015-12-30
Sleek Bronze Keyboard,"Music, Tools & Computers",41.31,delfina_walker@gmail.com,2016-01-02
Durable Linen Bench,Industrial & Electronics,92.7,hilton@yahoo.com,2016-01-09
Durable Wool Pants,"Sports, Electronics & Toys",92.45,jakob_dietrich@gmail.com,2015-12-14
Fantastic Wool Watch,Outdoors,55.07,evalyn.howe@yahoo.com,2015-12-14
Awesome Steel Keyboard,"Books, Health & Sports",55.48,alfonzo_wisoky@gmail.com,2015-12-26
Incredible Marble Bench,"Tools, Games & Toys",83.39,virginia@gmail.com,2016-01-02
Durable Paper Shirt,Automotive & Clothing,49.95,zoe@gmail.com,2015-12-25
Ergonomic Wooden Watch,"Sports, Kids & Baby",54.26,reginald_gerhold@yahoo.com,2015-12-12
Enormous Linen Plate,Clothing & Movies,40.59,greg@hotmail.com,2015-12-15
Awesome Silk Computer,"Sports, Clothing & Kids",97.56,jerod@gmail.com,2015-12-18
Heavy Duty Wool Bottle,"Books, Movies & Industrial",68.7,wiley.satterfield@gmail.com,2015-12-31
Synergistic Wool Hat,Garden & Tools,84.82,miguel.dare@yahoo.com,2015-12-23
Ergonomic Aluminum Bench,"Beauty, Clothing & Automotive",74.05,brayan@hotmail.com,2015-12-17
Small Wool Knife,Books & Sports,24.51,zechariah.gorczany@gmail.com,2015-12-16
Incredible Iron Hat,"Health, Movies & Books",57.58,gretchen.spencer@gmail.com,2015-12-24
Rustic Aluminum Shirt,"Books, Toys & Baby",1.07,clyde@yahoo.com,2016-01-04
Synergistic Granite Computer,Outdoors & Health,72.17,marques.kreiger@gmail.com,2015-12-30
Awesome Wooden Keyboard,Books,33.63,omari_botsford@gmail.com,2015-12-24
Synergistic Aluminum Keyboard,Books,73.7,marguerite_stehr@gmail.com,2015-12-20
Enormous Plastic Lamp,"Beauty, Baby & Books",60.67,casper.breitenberg@gmail.com,2016-01-08
Mediocre Granite Gloves,"Sports, Garden & Jewelery",71.11,veronica@hotmail.com,2016-01-06
Incredible Marble Shoes,Shoes,46.84,theresia@yahoo.com,2016-01-07
Fantastic Wooden Lamp,Garden,19.23,alisha_volkman@hotmail.com,2016-01-08
Incredible Leather Bottle,Beauty & Games,36.97,alexis.keeling@gmail.com,2015-12-16
Fantastic Iron Gloves,"Automotive, Computers & Movies",75.83,josh@hotmail.com,2015-12-27
Gorgeous Steel Lamp,Health,10.35,cordie.maggio@gmail.com,2015-12-24
Awesome Granite Hat,"Books, Toys & Movies",12.87,alf_green@gmail.com,2016-01-09
Lightweight Iron Bench,Games,92.93,brain@gmail.com,2015-12-26
Intelligent Granite Bag,"Electronics, Sports & Grocery",78.1,lacey@yahoo.com,2016-01-08
Heavy Duty Aluminum Clock,Sports & Baby,54.47,oceane@yahoo.com,2015-12-25
Mediocre Plastic Car,"Clothing, Kids & Games",37.57,dedrick_zulauf@yahoo.com,2015-12-13
Incredible Copper Plate,Games & Beauty,55.34,jamie@gmail.com,2015-12-30
Incredible Silk Car,"Beauty, Health & Sports",99.73,zita@gmail.com,2016-01-11
Awesome Rubber Chair,"Baby, Kids & Jewelery",35.35,ova_witting@hotmail.com,2015-12-13
Incredible Cotton Hat,Beauty & Grocery,20.99,danyka@yahoo.com,2016-01-05
Practical Wooden Knife,Industrial & Movies,35.59,al.spinka@yahoo.com,2015-12-31
Fantastic Wooden Bag,Garden,89.98,elvis@gmail.com,2016-01-06
Enormous Leather Car,"Computers, Clothing & Industrial",42.35,montana.pfannerstill@gmail.com,2016-01-08
Ergonomic Paper Pants,"Industrial, Toys & Grocery",81.91,savannah_ankunding@yahoo.com,2015-12-27
Awesome Aluminum Keyboard,Beauty & Home,11.97,domenica.langworth@yahoo.com,2015-12-24
Sleek Bronze Gloves,"Grocery, Kids & Tools",69.18,corine.mueller@hotmail.com,2016-01-11
Ergonomic Rubber Pants,"Games, Industrial & Grocery",20.78,julien.cummerata@yahoo.com,2016-01-06
Practical Wooden Wallet,Toys & Grocery,65.66,cathryn@hotmail.com,2015-12-20
Small Silk Bag,"Industrial, Beauty & Baby",47.04,brook@hotmail.com,2015-12-31
Small Wooden Gloves,"Tools, Grocery & Beauty",76.25,nikko_dietrich@hotmail.com,2016-01-03
Mediocre Linen Plate,Jewelery & Outdoors,45.43,franz@gmail.com,2015-12-26
Mediocre Granite Shirt,Computers & Shoes,33.73,reuben@gmail.com,2015-12-23
Synergistic Concrete Watch,Kids & Sports,9.01,layla_reynolds@yahoo.com,2016-01-04
Aerodynamic Bronze Keyboard,"Grocery, Home & Outdoors",9.46,arielle@gmail.com,2016-01-04
Awesome Copper Pants,Movies & Home,58.51,jaunita_gutkowski@yahoo.com,2015-12-18
Lightweight Steel Chair,Automotive,68.14,isai@gmail.com,2015-12-28
Incredible Cotton Table,Games,87.3,osborne.ortiz@hotmail.com,2015-12-19
Aerodynamic Aluminum Keyboard,Garden,80.03,edgardo.runolfsdottir@gmail.com,2016-01-05
Small Wooden Wallet,Jewelery & Tools,26.46,delfina@hotmail.com,2015-12-21
Intelligent Wooden Bag,Jewelery,66.87,darion@hotmail.com,2015-12-14
Practical Wool Shoes,Music,52.69,clint@yahoo.com,2015-12-31
Enormous Paper Lamp,Tools,2.04,imelda@hotmail.com,2016-01-08
Awesome Granite Chair,Games,61.32,jillian@yahoo.com,2015-12-31
Small Wooden Shoes,Electronics,27.76,caandre@yahoo.com,2015-12-29
Practical Leather Wallet,Grocery,38.61,dorothea@gmail.com,2016-01-11
Awesome Plastic Bench,Games & Clothing,78.07,keith.runolfon@yahoo.com,2015-12-19
Rustic Paper Lamp,Movies & Shoes,85.23,carli@hotmail.com,2016-01-02
Sleek Wool Keyboard,Automotive & Movies,25.32,bryana@gmail.com,2016-01-05
Mediocre Cotton Clock,Computers,62.08,kris_muller@hotmail.com,2015-12-30
Heavy Duty Rubber Bench,"Outdoors, Clothing & Sports",40.59,jonatan@yahoo.com,2015-12-15
Intelligent Granite Clock,"Shoes, Beauty & Music",40.59,erick_reinger@yahoo.com,2015-12-17
Practical Bronze Watch,Shoes & Automotive,97.87,eliezer@hotmail.com,2015-12-19
Durable Linen Pants,Automotive & Beauty,66.55,arlene@gmail.com,2016-01-02
Enormous Iron Computer,"Sports, Computers & Clothing",20.81,aniya@gmail.com,2016-01-07
Lightweight Plastic Bag,Tools,27.52,whitney@gmail.com,2016-01-03
Incredible Bronze Coat,"Books, Home & Jewelery",49.65,agustina.abbott@gmail.com,2015-12-18
Mediocre Granite Bench,Music & Beauty,16.17,bill.erdman@yahoo.com,2015-12-16
Aerodynamic Cotton Shirt,Shoes & Clothing,52.88,tiana.romaguera@yahoo.com,2015-12-27
Incredible Wooden Clock,Industrial & Health,16.58,alexandro@gmail.com,2015-12-23
Intelligent Wool Bench,Clothing,14.05,eriberto.ankunding@hotmail.com,2015-12-28
Durable Leather Knife,Clothing,41.69,athena@yahoo.com,2015-12-18
Synergistic Cotton Hat,"Shoes, Home & Computers",19.51,haskell@hotmail.com,2015-12-26
Practical Steel Knife,Electronics & Sports,32.37,erna@gmail.com,2015-12-22
Fantastic Copper Coat,"Garden, Electronics & Health",70.46,kaden_hettinger@hotmail.com,2016-01-11
Gorgeous Iron Plate,"Movies, Outdoors & Books",96.94,arno@gmail.com,2015-12-19
Enormous Plastic Lamp,"Kids, Tools & Industrial",7.52,queen@yahoo.com,2015-12-28
Aerodynamic Marble Wallet,Movies & Outdoors,94.88,maryam.graham@yahoo.com,2016-01-03
Awesome Aluminum Gloves,Garden,10.29,ansel@yahoo.com,2015-12-31
Heavy Duty Bronze Shirt,Computers & Games,89.92,sterling_moen@hotmail.com,2015-12-13
Ergonomic Steel Bag,Outdoors & Books,16.72,blaise.marquardt@yahoo.com,2015-12-29
Rustic Aluminum Coat,"Tools, Music & Industrial",14.03,gaston@gmail.com,2015-12-29
Practical Paper Wallet,Computers & Home,38.0,rocky_oberbrunner@hotmail.com,2015-12-18
Sleek Concrete Shirt,"Music, Games & Sports",23.91,cleo@yahoo.com,2016-01-02
Lightweight Silk Bench,"Computers, Tools & Books",12.09,cade_klein@hotmail.com,2015-12-27
Enormous Wooden Hat,Toys,25.67,theo@yahoo.com,2016-01-05
Mediocre Wool Chair,Movies & Books,48.66,dewitt@yahoo.com,2016-01-05
Rustic Cotton Gloves,"Computers, Toys & Home",16.75,freda@gmail.com,2015-12-24
Rustic Copper Lamp,Kids & Shoes,82.11,kamille@hotmail.com,2015-12-27
Rustic Aluminum Plate,"Clothing, Industrial & Shoes",31.82,cara.crooks@hotmail.com,2016-01-11
Small Wooden Knife,Automotive,68.56,blake_walker@yahoo.com,2015-12-12
Small Silk Clock,"Books, Kids & Automotive",93.45,alfredo@yahoo.com,2016-01-05
Enormous Concrete Table,Electronics,92.57,maxie.beier@yahoo.com,2015-12-26
Awesome Wool Wallet,"Tools, Computers & Garden",21.85,sienna.funk@gmail.com,2015-12-31
Gorgeous Steel Coat,Music,85.01,ivory_gusikowski@yahoo.com,2015-12-22
Gorgeous Aluminum Clock,Movies,31.98,janiya_hayes@yahoo.com,2015-12-31
Fantastic Rubber Bag,Outdoors & Grocery,26.94,lora@yahoo.com,2016-01-01
Practical Silk Bench,Tools & Health,11.46,telly_cartwright@hotmail.com,2015-12-19
Synergistic Granite Computer,Sports,30.68,maxwell@yahoo.com,2015-12-17
Lightweight Linen Bag,Electronics,69.12,colin_smitham@hotmail.com,2016-01-01
Aerodynamic Wooden Shoes,"Computers, Kids & Garden",7.96,olen@yahoo.com,2015-12-22
Heavy Duty Linen Coat,Clothing & Tools,27.1,deontae_will@gmail.com,2016-01-05
Heavy Duty Steel Bench,Industrial & Health,13.72,rodrick_grady@gmail.com,2015-12-17
Rustic Wooden Bag,"Music, Sports & Shoes",54.84,gregg.pouros@yahoo.com,2016-01-02
Rustic Concrete Hat,Music & Clothing,81.35,amani.collier@hotmail.com,2015-12-21
Sleek Aluminum Shoes,"Games, Clothing & Kids",47.09,dorian.stoltenberg@yahoo.com,2015-12-27
Lightweight Cotton Shirt,Grocery,21.08,jeanne.williamson@gmail.com,2015-12-14
Rustic Granite Gloves,Tools,51.02,maxime@gmail.com,2016-01-06
Rustic Marble Wallet,"Baby, Automotive & Industrial",36.46,retha@gmail.com,2015-12-30
Aerodynamic Silk Chair,Toys,11.15,ernesto@gmail.com,2015-12-20
Lightweight Linen Hat,"Garden, Games & Beauty",38.17,alexander@yahoo.com,2015-12-24
Mediocre Silk Watch,Kids & Games,48.69,ansley@hotmail.com,2016-01-07
Enormous Rubber Table,Beauty & Shoes,63.81,onie.buckridge@hotmail.com,2015-12-17
Durable Wool Wallet,Music & Home,51.92,carlos.stanton@yahoo.com,2015-12-22
Practical Marble Shoes,"Music, Electronics & Baby",96.17,quincy.gorczany@yahoo.com,2016-01-09
Durable Linen Wallet,Clothing & Kids,24.25,eula_hudson@gmail.com,2015-12-23
Synergistic Concrete Bench,"Kids, Clothing & Grocery",1.87,travon@yahoo.com,2015-12-16
Lightweight Copper Bottle,"Sports, Baby & Music",18.02,nikolas@hotmail.com,2016-01-03
Enormous Rubber Bottle,Home,68.68,clair.weinat@hotmail.com,2015-12-28
Ergonomic Granite Lamp,Beauty & Music,38.09,ron@yahoo.com,2015-12-23
Small Wooden Lamp,Games,22.98,hillary.stamm@gmail.com,2016-01-03
Synergistic Concrete Knife,Music & Clothing,10.68,norris_pouros@yahoo.com,2015-12-19
Practical Cotton Lamp,Tools,46.4,maddison@yahoo.com,2016-01-06
Practical Granite Gloves,Industrial,30.68,bethany_mills@gmail.com,2015-12-18
Synergistic Leather Plate,Kids,38.49,geovanni@yahoo.com,2016-01-10
Aerodynamic Leather Bench,Beauty & Automotive,84.18,stone.schowalter@gmail.com,2016-01-01
Sleek Silk Shoes,Grocery,52.77,natalie@yahoo.com,2015-12-27
Durable Paper Pants,Computers,15.12,abigale.cummerata@gmail.com,2015-12-24
Aerodynamic Leather Gloves,Industrial & Shoes,26.82,vidal@yahoo.com,2015-12-16
Mediocre Aluminum Table,"Computers, Sports & Jewelery",80.42,eleanora@gmail.com,2016-01-05
Ergonomic Leather Shirt,Clothing & Toys,67.03,shaylee.adams@hotmail.com,2016-01-09
Practical Paper Keyboard,"Games, Grocery & Outdoors",35.11,emmanuel@yahoo.com,2015-12-28
Practical Cotton Bag,"Garden, Health & Tools",71.46,braxton@yahoo.com,2015-12-13
Rustic Cotton Shirt,Jewelery & Health,0.46,oran@yahoo.com,2015-12-18
Incredible Paper Pants,Toys,37.1,kaya@yahoo.com,2015-12-23
Lightweight Silk Bottle,Automotive,30.7,caleigh.beer@hotmail.com,2016-01-07
Lightweight Concrete Coat,"Outdoors, Home & Books",46.94,kobe_keebler@yahoo.com,2015-12-30
Incredible Concrete Clock,"Baby, Games & Beauty",62.59,julian@gmail.com,2015-12-14
Intelligent Paper Knife,Electronics,21.93,gretchen.lindgren@hotmail.com,2016-01-03
Ergonomic Silk Chair,Computers,73.77,alfonso@gmail.com,2015-12-18
Synergistic Rubber Pants,Tools & Computers,10.46,torey_deckow@hotmail.com,2015-12-13
Synergistic Silk Pants,Beauty,79.23,virginia@hotmail.com,2015-12-19
Synergistic Bronze Wallet,"Health, Automotive & Beauty",68.35,sibyl_nader@hotmail.com,2015-12-31
Lightweight Marble Pants,Industrial & Automotive,55.1,litzy_bruen@yahoo.com,2016-01-09
Fantastic Wool Chair,Shoes & Outdoors,22.71,mona_olson@yahoo.com,2015-12-28
Enormous Concrete Computer,Garden & Computers,45.13,elizabeth.goodwin@gmail.com,2016-01-10
Ergonomic Concrete Plate,Health,0.89,cleveland.kovacek@gmail.com,2016-01-06
Lightweight Silk Keyboard,"Jewelery, Clothing & Toys",83.35,golden_purdy@yahoo.com,2016-01-02
Fantastic Concrete Hat,Industrial,38.27,sophie_mills@yahoo.com,2016-01-09
Ergonomic Silk Chair,Clothing,53.68,kolby_mcdermott@hotmail.com,2015-12-29
Lightweight Bronze Bench,Industrial & Clothing,5.38,cyril@gmail.com,2015-12-25
Rustic Granite Clock,Books & Grocery,84.86,cristina.kiehn@hotmail.com,2015-12-16
Awesome Paper Clock,Industrial & Baby,71.13,jarrell@hotmail.com,2016-01-05
Synergistic Iron Watch,Books,33.83,garnett@hotmail.com,2015-12-22
Gorgeous Silk Hat,"Tools, Sports & Health",71.46,montana.kunde@yahoo.com,2015-12-23
Synergistic Leather Hat,Books,91.68,jaleel.lueilwitz@hotmail.com,2016-01-02
Incredible Marble Lamp,Tools,33.95,marina@yahoo.com,2015-12-30
Fantastic Bronze Watch,"Electronics, Sports & Grocery",22.15,leora@yahoo.com,2015-12-16
Fantastic Aluminum Table,Electronics,92.59,caria@hotmail.com,2016-01-05
Rustic Paper Bottle,Home & Baby,98.6,guadalupe_bayer@gmail.com,2015-12-15
Aerodynamic Cotton Bench,Baby & Electronics,3.98,ivory@gmail.com,2015-12-26
Rustic Rubber Chair,Kids,11.28,jamie@gmail.com,2015-12-12
Ergonomic Linen Keyboard,"Computers, Industrial & Toys",43.03,greyson@gmail.com,2016-01-10
Lightweight Paper Hat,"Automotive, Grocery & Music",85.03,patrick@yahoo.com,2016-01-10
Mediocre Marble Keyboard,Games,66.8,jaquelin@hotmail.com,2015-12-23
Heavy Duty Wooden Pants,Kids & Books,69.16,bo@gmail.com,2015-12-21
Gorgeous Paper Lamp,Sports,26.04,serenity@hotmail.com,2015-12-28
Gorgeous Cotton Shirt,"Automotive, Music & Industrial",64.77,adelle.murray@gmail.com,2016-01-05
Gorgeous Steel Computer,Automotive & Toys,53.73,keith@hotmail.com,2016-01-07
Awesome Silk Bench,Outdoors,46.1,bernice@hotmail.com,2015-12-24
Synergistic Rubber Keyboard,Shoes & Baby,60.27,jacky_dibbert@yahoo.com,2015-12-17
Durable Leather Plate,Movies & Tools,84.7,karolann@hotmail.com,2016-01-09
Heavy Duty Silk Car,Industrial,48.57,grayson@hotmail.com,2016-01-02
Durable Aluminum Chair,Clothing & Baby,8.6,adella@hotmail.com,2016-01-06
Enormous Linen Keyboard,Sports & Clothing,37.67,rene.jacobi@yahoo.com,2016-01-01
Enormous Wooden Keyboard,Movies & Electronics,54.17,emie@gmail.com,2015-12-30
Aerodynamic Cotton Coat,Toys & Movies,24.71,gabriel.runolfsdottir@gmail.com,2015-12-15
Sleek Linen Coat,"Movies, Industrial & Home",11.55,madie@hotmail.com,2016-01-08
Sleek Steel Bag,"Movies, Baby & Automotive",77.32,kenneth@gmail.com,2015-12-23
Practical Cotton Clock,Toys,92.57,reba.kuhn@gmail.com,2015-12-22
Aerodynamic Concrete Keyboard,Kids,39.31,caleigh.ruel@gmail.com,2015-12-23
Heavy Duty Copper Lamp,Shoes,79.47,antone.donnelly@hotmail.com,2015-12-15
Durable Leather Chair,Computers & Music,32.96,drew_reichert@yahoo.com,2015-12-29
Practical Rubber Coat,Automotive & Sports,31.63,elna.rempel@gmail.com,2015-12-29
Intelligent Silk Watch,Outdoors,60.83,clint@gmail.com,2015-12-19
Intelligent Granite Bottle,Baby,68.58,duncan@hotmail.com,2015-12-20
Practical Paper Keyboard,"Automotive, Outdoors & Home",22.92,cydney@yahoo.com,2016-01-09
Sleek Aluminum Table,"Jewelery, Music & Automotive",61.37,ima.hartmann@yahoo.com,2016-01-11
Mediocre Wool Lamp,"Health, Electronics & Tools",81.34,enid@hotmail.com,2016-01-07
Awesome Cotton Car,"Outdoors, Tools & Electronics",13.71,leie@hotmail.com,2015-12-16
Intelligent Leather Shirt,Outdoors,56.54,jasmin@gmail.com,2016-01-03
Heavy Duty Cotton Car,Shoes & Sports,93.01,jovani@gmail.com,2015-12-13
Incredible Wooden Bottle,Clothing & Music,65.0,herbert@gmail.com,2015-12-13
Gorgeous Linen Coat,Beauty & Grocery,37.26,jalyn@yahoo.com,2016-01-02
Awesome Bronze Shoes,Sports & Garden,59.22,cedrick@hotmail.com,2016-01-06
Synergistic Rubber Computer,Music,40.32,andre@yahoo.com,2016-01-08
Durable Cotton Chair,"Industrial, Beauty & Baby",33.3,kale@yahoo.com,2016-01-01
Awesome Leather Lamp,"Games, Automotive & Kids",99.01,sylvan.effertz@gmail.com,2016-01-01
Small Rubber Lamp,Tools & Industrial,5.48,chelsey_prohaska@hotmail.com,2016-01-09
Durable Concrete Computer,Garden,68.09,carter_donnelly@yahoo.com,2016-01-02
Durable Paper Wallet,Toys,64.53,brain@hotmail.com,2015-12-20
Lightweight Granite Table,Toys & Sports,12.44,lelah@gmail.com,2016-01-05
Enormous Aluminum Knife,Jewelery,26.07,jarod@yahoo.com,2015-12-21
Durable Paper Computer,Automotive & Industrial,18.36,antwon_jacobs@gmail.com,2015-12-20
Rustic Silk Clock,Health & Clothing,10.76,lucy.maggio@hotmail.com,2015-12-26
Rustic Granite Plate,Beauty & Automotive,29.08,garrett@hotmail.com,2015-12-13
Awesome Paper Knife,"Garden, Computers & Shoes",30.22,grace@gmail.com,2016-01-08
Awesome Plastic Shirt,Grocery,98.75,mireya_stoltenberg@gmail.com,2015-12-25
Gorgeous Leather Table,Electronics,25.67,aurelio.collins@yahoo.com,2016-01-08
Rustic Linen Computer,Computers,26.21,vita@gmail.com,2015-12-14
Intelligent Bronze Bench,Baby & Sports,63.11,bennett@gmail.com,2015-12-30
Intelligent Linen Pants,Games & Industrial,44.7,amalia@gmail.com,2015-12-27
Heavy Duty Rubber Clock,"Automotive, Toys & Music",61.3,blanche.schmitt@hotmail.com,2015-12-12
Rustic Bronze Shirt,"Movies, Beauty & Outdoors",25.94,johann@gmail.com,2015-12-15
Sleek Steel Knife,"Music, Baby & Toys",14.87,margarett@gmail.com,2016-01-11
Sleek Copper Shirt,Automotive & Garden,74.34,elinor.okeefe@gmail.com,2016-01-09
Gorgeous Steel Shoes,Baby & Movies,20.17,beryl_rippin@gmail.com,2015-12-15
Gorgeous Copper Computer,Toys & Baby,79.45,osvaldo_hartmann@gmail.com,2015-12-24
Rustic Cotton Plate,Beauty & Tools,31.75,clifford_morar@yahoo.com,2015-12-18
Small Aluminum Car,Games,90.3,hobart@hotmail.com,2015-12-26
Lightweight Wooden Computer,"Beauty, Automotive & Shoes",85.42,ahmed@gmail.com,2015-12-14
Enormous Copper Watch,Movies & Kids,72.43,lilly@hotmail.com,2015-12-30
Gorgeous Granite Watch,Health,57.49,joshua@yahoo.com,2016-01-03
Enormous Plastic Plate,Baby & Books,27.01,vita@hotmail.com,2016-01-01
Synergistic Bronze Coat,Automotive,76.3,noel_hansen@hotmail.com,2015-12-29
Rustic Copper Coat,"Industrial, Grocery & Outdoors",10.34,jairo.jacobs@hotmail.com,2015-12-14
Synergistic Linen Plate,Jewelery,15.28,anais@yahoo.com,2015-12-13
Synergistic Copper Computer,Electronics & Computers,70.19,ava.carroll@hotmail.com,2015-12-16
Practical Leather Coat,Beauty & Grocery,33.36,jedidiah@gmail.com,2016-01-08
Sleek Concrete Keyboard,Toys,6.33,dusty@yahoo.com,2015-12-25
Mediocre Marble Table,Movies,83.68,ola@gmail.com,2015-12-29
Ergonomic Wool Knife,Baby,92.68,rylan@gmail.com,2015-12-31
Awesome Bronze Knife,Electronics & Toys,52.9,pablo.hansen@yahoo.com,2015-12-14
Intelligent Paper Hat,"Baby, Garden & Sports",9.29,keyon@gmail.com,2016-01-06
Incredible Aluminum Knife,Home & Baby,6.89,milton@hotmail.com,2015-12-17
Incredible Cotton Chair,Beauty,13.85,elya@yahoo.com,2016-01-06
Awesome Iron Watch,Electronics,60.97,cathy_smitham@yahoo.com,2015-12-20
Practical Rubber Shoes,Automotive & Jewelery,65.3,emma_toy@gmail.com,2015-12-14
Durable Concrete Gloves,Books & Computers,51.87,veda@hotmail.com,2015-12-25
Durable Cotton Hat,Industrial & Shoes,94.46,kenna.cronin@yahoo.com,2015-12-25
Gorgeous Aluminum Clock,Beauty & Jewelery,42.85,armani@yahoo.com,2015-12-23
Awesome Paper Knife,"Music, Shoes & Computers",78.97,keanu_nikolaus@gmail.com,2015-12-14
Rustic Concrete Chair,"Kids, Games & Movies",74.96,oceane_barrows@yahoo.com,2015-12-25
Gorgeous Plastic Bottle,"Music, Games & Tools",57.93,emiliano@gmail.com,2016-01-08
Ergonomic Leather Coat,Toys,95.2,joesph_metz@gmail.com,2016-01-02
Enormous Marble Keyboard,Kids,21.63,golden.lockman@gmail.com,2015-12-24
Mediocre Wooden Bag,Garden,41.8,bobby@yahoo.com,2015-12-23
Intelligent Cotton Coat,Electronics & Clothing,80.53,general@hotmail.com,2015-12-13
Synergistic Concrete Chair,Sports,47.85,maia@yahoo.com,2015-12-25
Small Concrete Knife,Outdoors,50.62,timothy@hotmail.com,2015-12-30
Practical Steel Pants,"Health, Outdoors & Industrial",94.83,dixie_nicolas@hotmail.com,2015-12-13
Ergonomic Steel Gloves,Beauty & Clothing,16.11,dustin.hammes@gmail.com,2016-01-05
Sleek Silk Hat,"Tools, Music & Automotive",99.16,halle@gmail.com,2015-12-13
Rustic Marble Wallet,Music & Toys,2.52,domenica.daniel@hotmail.com,2015-12-14
Lightweight Linen Clock,Beauty,29.63,abner_hamill@gmail.com,2015-12-31
Mediocre Aluminum Chair,Baby,22.21,murphy_gutkowski@gmail.com,2015-12-16
Gorgeous Granite Wallet,Jewelery,0.36,eleonore@gmail.com,2016-01-03
Sleek Paper Lamp,"Home, Automotive & Electronics",4.5,caroline_greenfelder@gmail.com,2015-12-28
Fantastic Granite Chair,Electronics,96.73,elsie@gmail.com,2015-12-17
Synergistic Silk Table,Clothing & Movies,27.52,gabrielle.collier@gmail.com,2015-12-14
Ergonomic Steel Bag,"Books, Movies & Health",26.02,winifred_reynolds@yahoo.com,2015-12-22
Lightweight Wooden Car,"Movies, Beauty & Electronics",3.89,arne@yahoo.com,2016-01-10
Incredible Concrete Chair,Outdoors,84.45,eveline@gmail.com,2015-12-17
Awesome Wooden Knife,Shoes & Books,42.35,jerrod_huel@hotmail.com,2016-01-10
Practical Leather Knife,Grocery,84.98,laurianne@yahoo.com,2016-01-02
Aerodynamic Concrete Hat,Books & Shoes,35.66,cindy_wisoky@hotmail.com,2015-12-27
Awesome Paper Keyboard,"Sports, Tools & Outdoors",59.4,fausto_bradtke@gmail.com,2016-01-05
Rustic Aluminum Car,Computers,57.9,elza@hotmail.com,2015-12-24
Mediocre Wool Shirt,Kids,31.63,ike_connelly@hotmail.com,2015-12-31
Gorgeous Wool Bottle,Computers,11.45,caandra@hotmail.com,2015-12-28
Synergistic Linen Plate,Industrial & Beauty,35.1,mckenzie.walsh@yahoo.com,2016-01-10
Aerodynamic Linen Knife,Books,89.61,jayden@hotmail.com,2016-01-07
Synergistic Silk Lamp,Home,11.47,jarod_sawayn@yahoo.com,2015-12-14
Rustic Rubber Clock,"Garden, Beauty & Tools",40.68,veda@gmail.com,2016-01-06
Aerodynamic Wool Plate,"Books, Music & Garden",5.3,aniyah_macgyver@gmail.com,2015-12-16
Lightweight Silk Chair,Games & Computers,32.43,johnnie_kiehn@yahoo.com,2016-01-06
Enormous Concrete Wallet,Home & Automotive,96.18,lamont.kling@hotmail.com,2016-01-11
Sleek Leather Keyboard,Jewelery,13.33,leonardo_schuppe@yahoo.com,2016-01-06
Sleek Wool Pants,Computers & Garden,35.59,abigayle.johnston@gmail.com,2015-12-17
Synergistic Cotton Pants,Tools & Outdoors,45.97,deanna_wilderman@yahoo.com,2015-12-18
Small Paper Bottle,Industrial & Jewelery,97.83,arthur.trantow@yahoo.com,2015-12-25
Durable Marble Shoes,Movies,80.02,sharon.mclaughlin@hotmail.com,2015-12-20
Awesome Bronze Chair,Beauty & Clothing,25.8,loyal@yahoo.com,2015-12-15
Sleek Steel Lamp,"Baby, Toys & Movies",51.55,arvel@hotmail.com,2015-12-30
Awesome Marble Coat,"Games, Movies & Beauty",75.2,jordane.kunze@gmail.com,2015-12-22
Practical Bronze Coat,Health & Jewelery,65.8,aidan@yahoo.com,2016-01-01
Aerodynamic Rubber Knife,Games & Clothing,58.15,alexandre@yahoo.com,2015-12-23
Lightweight Leather Chair,Automotive & Jewelery,48.3,gordon@hotmail.com,2015-12-12
Enormous Rubber Watch,Kids & Health,56.79,dominic_osinski@hotmail.com,2015-12-13
Lightweight Concrete Chair,Shoes & Clothing,4.97,ova_ernser@gmail.com,2016-01-10
Aerodynamic Bronze Coat,Jewelery & Garden,2.42,earnestine.dietrich@hotmail.com,2015-12-27
Aerodynamic Iron Bottle,Home,12.13,trace@gmail.com,2016-01-09
Incredible Linen Table,"Jewelery, Grocery & Clothing",20.59,roma@yahoo.com,2016-01-09
Aerodynamic Wool Bag,Health,15.62,mozelle@hotmail.com,2015-12-18
Incredible Cotton Chair,"Movies, Clothing & Home",26.33,salvador@yahoo.com,2015-12-17
Lightweight Wool Shirt,Beauty,56.85,santiago.dibbert@yahoo.com,2015-12-26
Synergistic Rubber Clock,"Baby, Electronics & Jewelery",17.08,jaylin@hotmail.com,2016-01-02
Gorgeous Leather Keyboard,Books,27.56,steve_beier@gmail.com,2016-01-01
Awesome Concrete Bag,Music,53.96,chaim@hotmail.com,2015-12-27
Lightweight Bronze Bottle,Games,40.45,winston@gmail.com,2015-12-17
Enormous Bronze Gloves,Tools & Beauty,95.42,rosie_stanton@hotmail.com,2016-01-09
Mediocre Marble Keyboard,"Grocery, Sports & Electronics",84.94,laurianne.harber@hotmail.com,2015-12-17
Small Rubber Shirt,"Automotive, Tools & Shoes",86.31,ian_beer@gmail.com,2015-12-19
Heavy Duty Marble Lamp,"Baby, Books & Health",45.13,josianne.welch@yahoo.com,2015-12-26
Heavy Duty Steel Pants,"Baby, Movies & Kids",34.38,kari@yahoo.com,2016-01-03
Enormous Wooden Table,Automotive,0.04,dennis.ondricka@yahoo.com,2016-01-06
Awesome Aluminum Shoes,Kids & Grocery,8.27,alice@hotmail.com,2016-01-09
Lightweight Wooden Bottle,"Books, Health & Computers",98.97,thaddeus_bahringer@yahoo.com,2016-01-08
Lightweight Bronze Watch,Home,74.25,alejandra@gmail.com,2016-01-04
Sleek Marble Lamp,Computers,75.37,theo.abernathy@yahoo.com,2015-12-15
Ergonomic Aluminum Keyboard,"Industrial, Tools & Music",83.91,alford_simonis@gmail.com,2015-12-25
Ergonomic Silk Coat,"Toys, Baby & Clothing",72.07,tanya.goodwin@hotmail.com,2015-12-30
Incredible Cotton Bag,Movies & Electronics,19.92,llewellyn_heller@gmail.com,2015-12-13
Mediocre Rubber Pants,"Shoes, Kids & Home",86.84,lera@hotmail.com,2016-01-04
Incredible Rubber Clock,Beauty,16.13,leonard@gmail.com,2015-12-31
Practical Rubber Pants,Electronics,67.02,gustave.schoen@hotmail.com,2015-12-20
Gorgeous Wooden Bag,"Electronics, Books & Jewelery",23.77,harvey_hyatt@hotmail.com,2015-12-16
Aerodynamic Rubber Plate,"Electronics, Tools & Outdoors",67.38,ines@gmail.com,2015-12-27
Fantastic Concrete Bench,"Computers, Books & Grocery",21.53,janie.schaden@yahoo.com,2015-12-31
Lightweight Concrete Lamp,Electronics & Games,72.9,zack.greenholt@gmail.com,2016-01-07
Lightweight Linen Wallet,"Baby, Tools & Industrial",5.38,alvah_west@gmail.com,2016-01-09
Gorgeous Wooden Bench,"Books, Home & Grocery",36.33,frankie_mann@gmail.com,2016-01-03
Intelligent Leather Pants,"Garden, Toys & Baby",11.43,laverne@yahoo.com,2015-12-22
Fantastic Iron Hat,Books,44.04,okey@gmail.com,2015-12-27
Practical Copper Bench,"Electronics, Jewelery & Home",63.22,edward@yahoo.com,2015-12-21
Durable Plastic Bench,Health & Baby,16.27,tremayne@gmail.com,2016-01-10
Enormous Concrete Shoes,Industrial,73.52,edna@yahoo.com,2016-01-07
Heavy Duty Wool Gloves,Books,66.19,meghan@gmail.com,2015-12-31
Sleek Silk Shirt,"Grocery, Kids & Industrial",70.35,jackeline@yahoo.com,2015-12-26
Mediocre Cotton Bottle,"Baby, Computers & Home",7.1,nayeli@gmail.com,2015-12-30
Ergonomic Wool Computer,Toys,99.62,alice.jerde@gmail.com,2016-01-10
Synergistic Paper Shirt,Clothing,20.78,dallas_walker@gmail.com,2016-01-06
Ergonomic Bronze Pants,Shoes,43.12,emmy_anderson@yahoo.com,2015-12-22
Awesome Wool Gloves,"Grocery, Home & Kids",71.84,sim@gmail.com,2015-12-31
Aerodynamic Bronze Keyboard,Baby,46.55,nicolette_marquardt@yahoo.com,2015-12-28
Sleek Leather Wallet,Health,92.95,ransom_schuppe@hotmail.com,2016-01-11
Aerodynamic Wool Clock,Garden & Automotive,65.36,anita.barrows@gmail.com,2015-12-14
Gorgeous Copper Bottle,Baby,67.8,clementine@hotmail.com,2016-01-04
Rustic Cotton Bottle,Toys & Baby,47.55,xzavier@yahoo.com,2015-12-15
Heavy Duty Steel Keyboard,Baby & Shoes,63.04,cleta.torp@hotmail.com,2015-12-24
Intelligent Paper Table,"Baby, Sports & Electronics",18.17,virgie@yahoo.com,2015-12-25
Intelligent Wooden Bench,"Tools, Health & Outdoors",28.87,travis.jenkins@hotmail.com,2016-01-05
Mediocre Bronze Wallet,"Computers, Baby & Home",46.55,caandre_dooley@gmail.com,2016-01-02
Rustic Iron Wallet,Outdoors,21.01,brandon@gmail.com,2015-12-24
Intelligent Wooden Shirt,"Clothing, Computers & Tools",4.04,kaandra.dietrich@yahoo.com,2015-12-17
Mediocre Copper Plate,Outdoors & Tools,93.33,grayson_schaden@hotmail.com,2015-12-21
Small Iron Shirt,Books & Sports,24.82,kolby@gmail.com,2015-12-24
Synergistic Wooden Bottle,Baby & Electronics,56.06,gaston_christiansen@yahoo.com,2016-01-01
Intelligent Iron Gloves,Kids & Health,29.74,kobe@gmail.com,2016-01-04
Awesome Paper Coat,Games,5.48,leonor_kemmer@hotmail.com,2015-12-27
Fantastic Bronze Table,"Kids, Health & Jewelery",58.21,prince@gmail.com,2016-01-05
Gorgeous Leather Watch,Kids & Books,87.7,nicholas.adams@gmail.com,2015-12-15
Aerodynamic Paper Car,Books & Electronics,35.98,mohamed_lowe@gmail.com,2016-01-09
Lightweight Steel Watch,Outdoors,13.75,thora@gmail.com,2015-12-12
Rustic Marble Knife,"Shoes, Movies & Clothing",18.01,francesca_okon@gmail.com,2015-12-24
Mediocre Granite Bag,Industrial,97.59,dejah_jerde@gmail.com,2015-12-20
Synergistic Concrete Knife,Industrial,53.49,shad@yahoo.com,2015-12-23
Rustic Wool Bag,Tools,77.42,tracy@yahoo.com,2015-12-25
Fantastic Paper Bag,Kids & Sports,88.92,frederik_ward@hotmail.com,2015-12-30
Mediocre Granite Coat,Jewelery & Kids,39.59,faustino@hotmail.com,2015-12-25
Heavy Duty Steel Keyboard,Garden,30.18,zander@hotmail.com,2015-12-21
Incredible Steel Bag,Toys,60.57,alan@yahoo.com,2016-01-08
Small Plastic Wallet,"Music, Movies & Grocery",93.95,jayda@yahoo.com,2016-01-01
Small Paper Gloves,"Beauty, Games & Toys",84.1,kelli@gmail.com,2015-12-14
Practical Aluminum Computer,Automotive & Grocery,75.19,emmanuel.hahn@gmail.com,2016-01-05
Intelligent Linen Plate,"Movies, Kids & Tools",39.43,larry_sauer@hotmail.com,2016-01-11
Mediocre Granite Bench,Jewelery,89.33,okey_kunze@hotmail.com,2016-01-09
Fantastic Rubber Wallet,"Industrial, Home & Music",25.91,briana.ziemann@gmail.com,2016-01-02
Small Bronze Keyboard,"Garden, Tools & Industrial",13.14,blair_volkman@hotmail.com,2016-01-03
Practical Linen Pants,Clothing,64.61,calista@yahoo.com,2015-12-18
Durable Copper Bottle,Beauty & Movies,44.44,werner_kuvalis@hotmail.com,2016-01-08
Enormous Silk Shoes,Kids,25.99,reba@hotmail.com,2016-01-05
Ergonomic Wooden Bottle,Grocery & Books,55.44,derick@hotmail.com,2015-12-30
Sleek Granite Bench,"Toys, Computers & Automotive",66.69,dewitt@hotmail.com,2015-12-29
Enormous Bronze Table,Shoes,13.2,lynn.boehm@gmail.com,2015-12-25
Mediocre Bronze Hat,Books & Home,60.15,jayde.corwin@gmail.com,2016-01-03
Aerodynamic Granite Knife,Tools & Outdoors,73.4,name_howe@gmail.com,2015-12-16
Rustic Steel Coat,"Garden, Tools & Clothing",9.47,geoffrey@gmail.com,2015-12-15
Fantastic Paper Bench,"Industrial, Movies & Books",6.6,braden@gmail.com,2016-01-09
Enormous Marble Wallet,"Sports, Automotive & Jewelery",96.85,chase@gmail.com,2015-12-30
Lightweight Cotton Lamp,"Sports, Shoes & Toys",4.33,unique@gmail.com,2015-12-31
Intelligent Wool Knife,Health & Beauty,59.23,katharina_ward@yahoo.com,2016-01-09
Practical Iron Coat,Computers & Music,48.16,elliott@yahoo.com,2016-01-01
Gorgeous Aluminum Shirt,Clothing & Industrial,14.01,kurt_moen@yahoo.com,2015-12-20
Heavy Duty Rubber Knife,Baby,75.33,kali.roberts@gmail.com,2016-01-05
Sleek Rubber Pants,"Toys, Sports & Industrial",20.51,dameon@hotmail.com,2015-12-27
Synergistic Wool Shirt,Automotive,27.17,geovany@gmail.com,2015-12-25
Practical Granite Gloves,Shoes & Electronics,59.48,kristin_bergstrom@yahoo.com,2016-01-03
Heavy Duty Iron Chair,Clothing & Movies,50.06,javon.gibson@gmail.com,2016-01-07
Gorgeous Steel Coat,Jewelery & Sports,39.31,camilla.predovic@hotmail.com,2016-01-05
Fantastic Plastic Pants,Health,30.82,willis@yahoo.com,2015-12-25
Awesome Rubber Chair,Electronics & Shoes,9.97,emmett.fadel@yahoo.com,2016-01-11
Rustic Silk Bench,"Music, Garden & Sports",73.11,jeramie@yahoo.com,2015-12-21
Ergonomic Copper Wallet,"Home, Beauty & Shoes",80.99,harvey@yahoo.com,2015-12-24
Aerodynamic Aluminum Coat,Automotive & Garden,72.28,stanley@hotmail.com,2015-12-14
Gorgeous Paper Clock,"Kids, Jewelery & Computers",91.29,arlie@hotmail.com,2016-01-08
Synergistic Linen Watch,Computers,17.13,ruby@gmail.com,2016-01-10
Small Iron Wallet,Health,55.48,kolby@hotmail.com,2016-01-08
Synergistic Cotton Chair,Outdoors,23.26,terence@yahoo.com,2015-12-20
Gorgeous Steel Table,Electronics & Tools,67.26,myrna_sporer@hotmail.com,2015-12-30
Synergistic Plastic Computer,Jewelery,40.29,margot_simonis@hotmail.com,2015-12-25
Aerodynamic Paper Plate,Health & Outdoors,56.39,roderick@yahoo.com,2015-12-14
Durable Aluminum Computer,"Movies, Beauty & Books",0.27,sadie_larkin@hotmail.com,2015-12-13
Synergistic Marble Pants,Sports & Clothing,29.52,lincoln_blick@gmail.com,2015-12-30
Synergistic Plastic Bottle,Home,51.83,arlene_waelchi@yahoo.com,2016-01-06
Small Bronze Computer,Computers,98.13,deron@gmail.com,2016-01-11
Aerodynamic Cotton Knife,Automotive & Grocery,94.22,rod.rath@hotmail.com,2016-01-03
Awesome Silk Watch,Books & Toys,17.59,wilfrid@gmail.com,2015-12-15
Heavy Duty Concrete Keyboard,Home,67.09,elvie_kunde@gmail.com,2016-01-02
Intelligent Steel Bottle,Baby & Beauty,34.52,terence@gmail.com,2015-12-31
Fantastic Aluminum Shirt,"Jewelery, Garden & Toys",11.16,daphney@yahoo.com,2016-01-07
Durable Linen Plate,"Movies, Games & Clothing",10.01,breana@hotmail.com,2015-12-16
Rustic Bronze Pants,Electronics,44.24,anderson@gmail.com,2015-12-25
Lightweight Iron Plate,Health,85.4,donny.cummerata@gmail.com,2016-01-06
Awesome Copper Coat,Movies & Outdoors,56.04,toy@hotmail.com,2015-12-19
Intelligent Paper Coat,"Clothing, Grocery & Outdoors",67.78,ronny@gmail.com,2016-01-03
Aerodynamic Leather Hat,Automotive,97.93,dusty@gmail.com,2015-12-29
Small Aluminum Gloves,Health & Tools,52.87,gardner_powlowski@gmail.com,2015-12-15
Small Aluminum Watch,Home & Automotive,98.12,zita@hotmail.com,2015-12-20
Gorgeous Bronze Coat,Shoes,23.57,vicky.wehner@hotmail.com,2015-12-27
Sleek Paper Bag,Garden,1.35,reyna@yahoo.com,2015-12-19
Awesome Rubber Keyboard,Computers & Music,54.89,archibald@yahoo.com,2015-12-21
Incredible Concrete Plate,Industrial,16.26,walter_rice@gmail.com,2015-12-18
Aerodynamic Wooden Gloves,Garden & Computers,97.79,edgardo.corwin@gmail.com,2015-12-27
Ergonomic Linen Knife,"Computers, Jewelery & Books",22.34,annetta_king@gmail.com,2016-01-06
Practical Wool Chair,Beauty,44.65,zion.roob@yahoo.com,2015-12-25
Ergonomic Wooden Pants,"Music, Computers & Clothing",29.53,davon@yahoo.com,2015-12-14
Sleek Silk Bottle,Kids & Electronics,85.44,nichole@gmail.com,2015-12-26
Fantastic Wooden Bag,Home,13.55,madisyn@gmail.com,2015-12-31
Enormous Wooden Pants,Books,54.51,manuela@yahoo.com,2016-01-09
Fantastic Rubber Bench,"Clothing, Outdoors & Games",24.63,agustina_hills@gmail.com,2016-01-04
Ergonomic Bronze Plate,Tools & Books,48.8,quinton@gmail.com,2016-01-01
Practical Paper Computer,Sports & Home,80.26,dennis_waelchi@hotmail.com,2016-01-01
Awesome Paper Watch,Automotive & Outdoors,83.04,tristian.lubowitz@hotmail.com,2016-01-03
Practical Cotton Shoes,Toys & Shoes,66.31,darwin_rogahn@yahoo.com,2015-12-28
Gorgeous Marble Shirt,Home,41.06,kelly@hotmail.com,2015-12-30
Aerodynamic Wooden Bag,Baby,9.63,emilia@hotmail.com,2015-12-22
Incredible Iron Bottle,Books,2.88,angelo_okeefe@yahoo.com,2016-01-09
Aerodynamic Leather Table,Games & Clothing,31.78,cade_heidenreich@yahoo.com,2016-01-10
Awesome Marble Bench,Books & Home,24.87,letha.bernier@gmail.com,2015-12-27
Heavy Duty Copper Knife,"Clothing, Toys & Health",83.38,dortha.bednar@gmail.com,2016-01-03
Practical Silk Lamp,Movies,51.6,nicklaus@gmail.com,2016-01-05
Ergonomic Rubber Clock,Music & Electronics,4.86,timmothy@yahoo.com,2015-12-16
Enormous Aluminum Bag,Clothing & Music,16.44,bonita.okeefe@yahoo.com,2015-12-20
Rustic Plastic Lamp,Grocery & Books,58.5,madyson@yahoo.com,2016-01-08
Incredible Wooden Gloves,Music & Movies,15.28,max_lindgren@yahoo.com,2016-01-02
Synergistic Wooden Computer,Outdoors,97.79,deshawn.waters@gmail.com,2015-12-26
Synergistic Linen Table,Outdoors,79.95,abbie@hotmail.com,2015-12-13
Synergistic Silk Shoes,Toys & Automotive,0.52,constantin_torphy@hotmail.com,2016-01-01
Gorgeous Granite Bench,"Jewelery, Health & Beauty",47.1,tommie@gmail.com,2015-12-28
Synergistic Copper Coat,"Toys, Music & Kids",21.35,josue_mertz@gmail.com,2015-12-26
Durable Granite Plate,Garden & Games,65.39,benny@yahoo.com,2016-01-03
Ergonomic Aluminum Bench,"Movies, Toys & Sports",15.44,icie@yahoo.com,2016-01-02
Ergonomic Leather Gloves,"Baby, Jewelery & Health",25.9,alvis.corwin@yahoo.com,2015-12-24
Fantastic Cotton Computer,"Jewelery, Beauty & Home",58.48,alek@gmail.com,2015-12-13
Lightweight Wooden Car,Jewelery & Garden,93.46,darrell@yahoo.com,2016-01-03
Incredible Silk Table,"Grocery, Beauty & Clothing",29.28,okey@hotmail.com,2015-12-15
Durable Wooden Bench,"Garden, Music & Grocery",37.03,deangelo@yahoo.com,2015-12-17
Intelligent Concrete Gloves,Automotive,66.47,pedro_collins@hotmail.com,2016-01-09
Synergistic Plastic Wallet,Kids,32.37,marlin.farrell@yahoo.com,2016-01-02
Incredible Wooden Plate,Movies & Kids,29.05,wellington@hotmail.com,2015-12-29
Sleek Linen Table,"Jewelery, Beauty & Electronics",39.19,myrtis@gmail.com,2015-12-31
Synergistic Plastic Bench,Industrial,31.38,courtney@gmail.com,2015-12-20
Enormous Granite Gloves,Clothing,71.3,arnulfo@hotmail.com,2016-01-04
Sleek Silk Car,Grocery & Kids,63.31,dora.reichert@hotmail.com,2015-12-16
Small Iron Car,Industrial & Books,94.72,marcella.erdman@gmail.com,2015-12-16
Small Bronze Watch,"Industrial, Beauty & Music",85.77,ulices_emard@yahoo.com,2016-01-02
Sleek Plastic Table,"Books, Baby & Computers",65.61,flavio.daniel@yahoo.com,2015-12-13
Lightweight Bronze Clock,Automotive,90.2,eric@gmail.com,2015-12-26
Intelligent Iron Chair,Outdoors,92.45,dallas@hotmail.com,2015-12-15
Small Concrete Wallet,Automotive & Garden,91.51,boris@yahoo.com,2016-01-07
Rustic Leather Bench,"Tools, Grocery & Electronics",23.28,rachelle.auer@gmail.com,2015-12-28
Small Leather Computer,Automotive,33.1,brendon_mclaughlin@gmail.com,2015-12-21
Incredible Copper Bag,Books & Automotive,15.37,fay@yahoo.com,2015-12-29
Ergonomic Bronze Knife,"Grocery, Home & Tools",0.82,avery.fadel@hotmail.com,2016-01-02
Durable Rubber Lamp,"Games, Tools & Industrial",67.95,theron@yahoo.com,2015-12-20
Intelligent Granite Clock,Electronics,15.27,barrett@gmail.com,2016-01-06
Heavy Duty Wool Hat,"Kids, Health & Outdoors",51.2,crystal.marquardt@gmail.com,2015-12-17
Rustic Rubber Gloves,Sports,59.77,jayme_prohaska@yahoo.com,2016-01-08
Durable Steel Shirt,"Tools, Clothing & Toys",86.79,quincy_rohan@yahoo.com,2015-12-16
Sleek Plastic Pants,Beauty,66.41,kianna@hotmail.com,2015-12-18
Incredible Copper Keyboard,Kids,19.0,mathew@yahoo.com,2016-01-02
Lightweight Granite Chair,"Books, Home & Computers",40.27,rylan.heaney@hotmail.com,2016-01-03
Aerodynamic Cotton Pants,"Health, Garden & Kids",49.42,ashlynn@hotmail.com,2015-12-14
Rustic Silk Lamp,Industrial & Electronics,41.51,jerrell@hotmail.com,2015-12-18
Enormous Granite Keyboard,"Computers, Industrial & Health",6.82,jarod@yahoo.com,2015-12-27
Synergistic Silk Coat,Industrial,8.1,montana@hotmail.com,2015-12-13
Lightweight Cotton Pants,Industrial & Music,0.49,lew_spinka@yahoo.com,2015-12-27
Practical Linen Car,Movies,50.08,conner.ryan@gmail.com,2015-12-26
Small Rubber Shoes,Garden & Toys,21.26,litzy_cummerata@yahoo.com,2015-12-24
Intelligent Bronze Wallet,Home,85.81,fredrick@yahoo.com,2015-12-29
Enormous Plastic Bottle,"Baby, Tools & Books",55.12,joy@yahoo.com,2015-12-20
Practical Marble Watch,Sports & Beauty,41.24,janis@gmail.com,2016-01-10
Incredible Aluminum Watch,Shoes,31.0,dario@yahoo.com,2015-12-17
Sleek Bronze Shoes,Garden,8.17,zola.sipes@yahoo.com,2015-12-16
Incredible Wooden Clock,"Baby, Sports & Computers",3.12,josephine.nikolaus@hotmail.com,2016-01-11
Gorgeous Marble Clock,Beauty,61.9,jenifer@yahoo.com,2015-12-29
Mediocre Copper Plate,Tools & Baby,51.32,martina.lockman@gmail.com,2015-12-14
Enormous Linen Plate,Automotive,51.55,madisen_bashirian@gmail.com,2016-01-11
Heavy Duty Cotton Bottle,Baby,31.08,trycia@hotmail.com,2015-12-25
Mediocre Iron Computer,Garden,93.51,erick.thiel@hotmail.com,2015-12-15
Ergonomic Copper Gloves,Beauty,74.47,aimee@hotmail.com,2016-01-06
Lightweight Marble Wallet,Tools & Games,43.55,hailee@gmail.com,2016-01-10
Fantastic Cotton Watch,Beauty & Outdoors,16.93,shana@yahoo.com,2016-01-01
Durable Rubber Knife,Home & Books,46.64,christelle@gmail.com,2015-12-22
Aerodynamic Plastic Hat,Clothing & Outdoors,95.23,lonie@yahoo.com,2015-12-13
Durable Iron Hat,"Sports, Clothing & Electronics",4.69,winnifred_daniel@yahoo.com,2016-01-02
Practical Cotton Bottle,Sports & Health,40.93,keagan.glover@gmail.com,2015-12-28
Ergonomic Aluminum Bench,Jewelery & Books,82.84,elton_christiansen@yahoo.com,2015-12-28
Lightweight Silk Table,Automotive & Games,47.08,emiliano@yahoo.com,2015-12-18
Heavy Duty Paper Chair,"Grocery, Home & Electronics",54.07,rupert.kozey@yahoo.com,2015-12-12
Synergistic Concrete Shoes,Industrial & Music,55.8,te@gmail.com,2016-01-09
Gorgeous Paper Shirt,Shoes,87.63,waldo@hotmail.com,2016-01-10
Enormous Concrete Watch,Kids,95.57,adriel@gmail.com,2016-01-10
Small Linen Hat,Grocery & Beauty,23.19,thomas.bailey@hotmail.com,2016-01-01
Intelligent Copper Wallet,Tools & Movies,93.24,carmine@hotmail.com,2016-01-07
Intelligent Marble Computer,"Garden, Health & Games",90.08,marcelle_heathcote@yahoo.com,2015-12-26
Practical Aluminum Watch,"Home, Toys & Music",47.68,roy.brakus@gmail.com,2015-12-13
Lightweight Silk Keyboard,Tools & Outdoors,25.38,elisha_bergnaum@hotmail.com,2016-01-01
Rustic Cotton Lamp,Games,20.7,ernestina_sanford@yahoo.com,2015-12-26
Small Wool Bag,"Sports, Books & Computers",98.72,raquel@yahoo.com,2015-12-18
Awesome Wooden Plate,Health,20.24,claude_rutherford@hotmail.com,2015-12-23
Incredible Concrete Wallet,Automotive & Garden,76.47,kadin@hotmail.com,2016-01-04
Awesome Iron Coat,"Sports, Computers & Grocery",39.4,gonzalo@yahoo.com,2015-12-29
Ergonomic Bronze Table,Health & Games,24.34,royce@hotmail.com,2015-12-15
Heavy Duty Steel Chair,"Games, Movies & Kids",7.81,florence@hotmail.com,2016-01-07
Intelligent Plastic Clock,"Kids, Grocery & Books",3.38,wava@hotmail.com,2015-12-22
Durable Wooden Pants,Grocery & Books,95.9,mable.shields@gmail.com,2015-12-13
Durable Paper Keyboard,Sports & Shoes,21.04,eve.cormier@yahoo.com,2016-01-10
Lightweight Concrete Watch,Sports & Jewelery,2.57,bailey.romaguera@gmail.com,2015-12-27
Lightweight Marble Computer,"Jewelery, Home & Baby",15.29,ralph_hagenes@gmail.com,2015-12-15
Durable Copper Pants,"Games, Computers & Movies",58.35,josie.johns@yahoo.com,2015-12-25
Small Granite Bottle,Music,59.83,deondre@gmail.com,2015-12-15
Awesome Wool Gloves,Books & Home,55.7,quincy_brown@hotmail.com,2016-01-05
Ergonomic Aluminum Hat,"Baby, Electronics & Books",82.56,patsy.kovacek@hotmail.com,2016-01-08
Durable Aluminum Pants,"Kids, Toys & Home",82.13,savanah@yahoo.com,2015-12-17
Incredible Leather Wallet,Industrial,48.44,pauline@gmail.com,2015-12-14
Synergistic Marble Car,"Health, Music & Movies",85.02,clay.torp@hotmail.com,2015-12-24
Incredible Copper Plate,Home,19.41,wendell_hirthe@gmail.com,2015-12-16
Ergonomic Granite Shirt,Jewelery,52.15,chelsey.mills@gmail.com,2015-12-16
Ergonomic Copper Bottle,"Movies, Music & Games",6.92,keagan.mcdermott@yahoo.com,2015-12-22
Awesome Wooden Lamp,"Automotive, Garden & Kids",24.94,brianne_tromp@yahoo.com,2015-12-29
Ergonomic Plastic Pants,Movies,84.54,tiffany@gmail.com,2016-01-06
Lightweight Linen Pants,Computers & Music,93.97,shyanne@yahoo.com,2016-01-07
Intelligent Wooden Lamp,"Industrial, Music & Clothing",13.28,herbert.beahan@yahoo.com,2016-01-02
Lightweight Granite Watch,Sports & Baby,96.99,jeanne.kunze@hotmail.com,2015-12-20
Practical Leather Bag,Clothing & Tools,44.56,dolly@hotmail.com,2016-01-02
Ergonomic Linen Knife,"Books, Tools & Industrial",92.12,kevon_koelpin@hotmail.com,2016-01-06
Enormous Rubber Car,Clothing,83.99,jose_wolff@gmail.com,2015-12-12
Sleek Cotton Gloves,Shoes,51.49,maximus_pollich@hotmail.com,2015-12-31
Enormous Plastic Clock,Garden & Jewelery,72.75,colin@hotmail.com,2015-12-28
Lightweight Cotton Wallet,Movies,27.18,manley_bernier@yahoo.com,2015-12-13
Incredible Iron Gloves,Computers,92.61,minerva.wilderman@gmail.com,2015-12-21
Durable Linen Watch,Home,86.39,alvena@hotmail.com,2015-12-28
Lightweight Copper Plate,Toys & Health,72.39,lonie@yahoo.com,2016-01-07
Practical Rubber Wallet,"Movies, Outdoors & Jewelery",98.64,amina@yahoo.com,2015-12-16
Synergistic Steel Plate,Music & Beauty,37.62,lacy@yahoo.com,2015-12-27
Aerodynamic Copper Watch,Grocery,82.27,hailey@gmail.com,2015-12-16
Fantastic Copper Bench,Shoes,89.89,zella@gmail.com,2016-01-07
Small Concrete Bench,Movies & Industrial,88.26,creola_jenkins@gmail.com,2015-12-20
Heavy Duty Wooden Keyboard,Baby & Toys,0.16,kellie@hotmail.com,2015-12-28
Intelligent Plastic Gloves,"Books, Garden & Electronics",83.6,marley.schroeder@yahoo.com,2015-12-15
Small Granite Pants,Shoes & Music,60.39,ewald_witting@hotmail.com,2016-01-06
Sleek Silk Bottle,Tools,19.48,valentina.beier@hotmail.com,2015-12-27
Heavy Duty Copper Plate,"Kids, Movies & Health",27.1,marquise_harber@yahoo.com,2015-12-31
Synergistic Concrete Hat,"Jewelery, Industrial & Kids",4.3,johann_kautzer@hotmail.com,2015-12-19
Small Linen Table,Grocery,24.22,vivian_leannon@gmail.com,2015-12-15
Lightweight Cotton Bench,Computers,78.5,eino.stark@yahoo.com,2016-01-07
Awesome Marble Chair,Garden,88.54,rachael.cremin@yahoo.com,2015-12-14
Incredible Leather Bottle,"Computers, Clothing & Grocery",65.78,phoebe@yahoo.com,2015-12-24
Aerodynamic Linen Pants,"Toys, Kids & Shoes",41.55,clyde@gmail.com,2015-12-19
Gorgeous Granite Shoes,Home,8.45,teresa.rutherford@hotmail.com,2015-12-23
Intelligent Rubber Car,"Clothing, Shoes & Sports",93.22,magali@hotmail.com,2015-12-26
Enormous Steel Hat,Shoes,34.18,virginie@yahoo.com,2015-12-15
Practical Aluminum Table,"Industrial, Clothing & Beauty",53.01,marcia_reichert@yahoo.com,2015-12-22
Awesome Cotton Coat,Clothing & Movies,73.83,luis.fritsch@hotmail.com,2015-12-27
Small Marble Shoes,Industrial,47.86,raegan@hotmail.com,2015-12-22
Incredible Concrete Car,Shoes,61.57,haley.jacobi@hotmail.com,2015-12-30
Durable Concrete Pants,Movies,59.66,chelsey@hotmail.com,2015-12-25
Durable Leather Lamp,"Sports, Toys & Shoes",12.59,jazmyn@yahoo.com,2015-12-28
Intelligent Iron Knife,Movies,7.79,irwin_parker@yahoo.com,2015-12-15
Aerodynamic Granite Bench,Home,16.06,roxanne_hartmann@hotmail.com,2015-12-21
Heavy Duty Aluminum Plate,Games,7.59,jamarcus@yahoo.com,2016-01-06
Fantastic Wooden Car,Tools,41.76,dillan@yahoo.com,2015-12-17
Incredible Paper Computer,Computers,78.77,weston_abernathy@yahoo.com,2015-12-27
Synergistic Granite Keyboard,"Tools, Music & Home",44.82,carlo_breitenberg@hotmail.com,2016-01-07
Small Plastic Shirt,Home,73.89,lorna@hotmail.com,2016-01-08
Incredible Wool Shirt,Industrial & Beauty,30.52,lucious.bergstrom@hotmail.com,2015-12-22
Gorgeous Cotton Bench,Health,80.85,georgiana_leannon@gmail.com,2016-01-08
Ergonomic Paper Car,Baby,92.38,euna_bosco@gmail.com,2015-12-17
Sleek Marble Watch,"Outdoors, Electronics & Home",46.92,carole@yahoo.com,2015-12-29
Gorgeous Cotton Chair,"Toys, Shoes & Baby",67.78,eldora.bradtke@hotmail.com,2015-12-23
Durable Steel Table,Computers,14.38,donny.keeling@gmail.com,2015-12-16
Rustic Silk Car,"Grocery, Home & Books",9.53,herman@yahoo.com,2015-12-14
Incredible Linen Wallet,Games,37.16,dorothea.hilpert@gmail.com,2016-01-07
Heavy Duty Linen Hat,"Beauty, Movies & Jewelery",30.58,warren@hotmail.com,2015-12-15
Fantastic Steel Keyboard,Shoes & Sports,65.82,landen_larkin@hotmail.com,2015-12-28
Intelligent Linen Shirt,Jewelery & Books,36.27,murphy.mitchell@gmail.com,2016-01-06
Synergistic Copper Bottle,"Garden, Games & Kids",41.55,stephan@yahoo.com,2015-12-20
Heavy Duty Plastic Chair,Games,14.9,cesar_collins@hotmail.com,2016-01-01
Durable Cotton Plate,Electronics & Movies,72.75,camryn_rowe@gmail.com,2015-12-23
Synergistic Wool Clock,Kids,50.69,brandyn@gmail.com,2016-01-07
Heavy Duty Iron Bench,Electronics & Automotive,83.82,beth@hotmail.com,2015-12-22
Ergonomic Granite Chair,"Toys, Baby & Jewelery",70.97,arlo.cremin@gmail.com,2016-01-01
Fantastic Rubber Shirt,Tools & Kids,21.04,forrest@hotmail.com,2016-01-07
Sleek Aluminum Gloves,"Sports, Health & Jewelery",46.15,germaine_romaguera@yahoo.com,2016-01-05
Awesome Wool Clock,"Tools, Games & Baby",88.3,isidro@gmail.com,2016-01-08
Gorgeous Wooden Shoes,Computers,88.03,celine_johnston@hotmail.com,2015-12-16
Awesome Copper Clock,Clothing,87.29,emerson@yahoo.com,2016-01-06
Ergonomic Concrete Car,"Toys, Sports & Games",22.74,milo.hammes@yahoo.com,2016-01-05
Mediocre Wool Gloves,Outdoors & Sports,71.11,camden@gmail.com,2015-12-26
Practical Aluminum Wallet,Kids & Beauty,43.06,jeffery.ferry@hotmail.com,2015-12-18
Fantastic Iron Car,Toys & Health,71.1,dana@yahoo.com,2015-12-19
Heavy Duty Silk Bag,Books,36.45,leonard@hotmail.com,2015-12-28
Intelligent Bronze Shirt,"Kids, Clothing & Grocery",72.14,collin@yahoo.com,2015-12-26
Incredible Steel Shirt,Outdoors & Shoes,43.81,anabelle_weber@gmail.com,2015-12-29
Rustic Rubber Car,Jewelery & Kids,33.4,kasandra@gmail.com,2015-12-18
Incredible Granite Gloves,"Outdoors, Electronics & Garden",35.97,hester.parker@yahoo.com,2015-12-30
Fantastic Linen Chair,"Outdoors, Tools & Computers",57.22,ciara@hotmail.com,2015-12-18
Synergistic Marble Watch,"Shoes, Jewelery & Movies",54.39,zelma.nitzsche@yahoo.com,2015-12-14
Enormous Plastic Bottle,"Jewelery, Health & Beauty",71.44,alfonzo@hotmail.com,2015-12-19
Gorgeous Aluminum Plate,Sports,15.92,lesley@yahoo.com,2016-01-10
Durable Bronze Car,Shoes & Kids,42.15,brock.stiedemann@hotmail.com,2015-12-13
Durable Aluminum Plate,"Outdoors, Beauty & Jewelery",80.35,jerald@gmail.com,2015-12-24
Heavy Duty Cotton Keyboard,"Automotive, Electronics & Beauty",26.81,shaina@yahoo.com,2015-12-31
Heavy Duty Rubber Computer,Kids & Health,2.54,raphael.lubowitz@gmail.com,2016-01-09
Small Paper Car,Toys,3.54,marcelle_kemmer@hotmail.com,2016-01-05
Fantastic Concrete Plate,Books,78.87,cullen@gmail.com,2016-01-01
Fantastic Bronze Clock,Kids,33.36,emmitt_mohr@hotmail.com,2016-01-10
Heavy Duty Copper Clock,Clothing & Computers,23.37,macie.casper@yahoo.com,2015-12-30
Durable Steel Watch,Jewelery,43.66,kaya_walsh@yahoo.com,2016-01-02
Sleek Cotton Bench,Tools & Computers,80.99,sharon@hotmail.com,2016-01-09
Incredible Aluminum Wallet,Computers & Outdoors,6.35,prince@hotmail.com,2015-12-28
Heavy Duty Iron Clock,Jewelery & Electronics,69.33,charlotte@gmail.com,2016-01-05
Mediocre Steel Plate,"Sports, Automotive & Clothing",96.39,marcelle.keler@gmail.com,2015-12-15
Incredible Rubber Gloves,Clothing,73.74,isabell@hotmail.com,2015-12-27
Gorgeous Iron Bench,Toys,36.0,magali@gmail.com,2016-01-03
Incredible Concrete Chair,Computers & Outdoors,53.62,jules@gmail.com,2015-12-29
Heavy Duty Wool Car,Automotive & Computers,69.11,lucie@gmail.com,2015-12-13
Heavy Duty Steel Table,Outdoors & Shoes,27.69,salma@yahoo.com,2016-01-08
Small Steel Coat,Electronics,43.43,camren_stanton@hotmail.com,2015-12-29
Small Wool Car,Electronics & Tools,37.17,jorge_bartell@yahoo.com,2015-12-30
Heavy Duty Plastic Chair,"Clothing, Beauty & Tools",88.49,peyton@hotmail.com,2015-12-15
Sleek Wool Bag,Shoes,37.21,carolanne@gmail.com,2015-12-22
Sleek Paper Car,Outdoors,73.94,king_christiansen@yahoo.com,2016-01-09
Durable Steel Pants,"Baby, Music & Electronics",22.12,maximillian@hotmail.com,2015-12-20
Rustic Granite Knife,"Garden, Industrial & Tools",88.41,emanuel_pfannerstill@hotmail.com,2015-12-29
Awesome Cotton Knife,Outdoors,73.91,ladarius.parisian@yahoo.com,2015-12-14
Gorgeous Plastic Bag,"Shoes, Home & Baby",89.28,lucy.zemlak@gmail.com,2015-12-26
Gorgeous Concrete Coat,Toys & Shoes,33.37,deborah.kris@hotmail.com,2016-01-06
Gorgeous Copper Knife,Clothing,27.27,makayla@hotmail.com,2016-01-01
Mediocre Marble Chair,Baby & Sports,93.46,ozzie_kunze@hotmail.com,2015-12-22
Incredible Wooden Knife,Sports,87.57,alayna@yahoo.com,2016-01-11
Awesome Concrete Wallet,Outdoors & Kids,76.03,natalie.willms@gmail.com,2015-12-17
Heavy Duty Linen Gloves,"Outdoors, Garden & Health",92.02,mike_considine@gmail.com,2016-01-10
Awesome Leather Gloves,"Industrial, Beauty & Garden",47.24,jerod.schuppe@gmail.com,2015-12-18
Awesome Marble Gloves,Shoes & Toys,96.95,tracy_west@hotmail.com,2016-01-03
Awesome Copper Car,Health,24.72,josiah_gaylord@gmail.com,2015-12-31
Small Plastic Keyboard,"Industrial, Health & Books",95.17,alberta_bartoletti@yahoo.com,2016-01-09
Aerodynamic Bronze Lamp,Movies,30.16,kenny_runolfon@yahoo.com,2015-12-13
Heavy Duty Aluminum Car,Electronics,64.15,alexandra@yahoo.com,2016-01-02
Enormous Marble Bench,"Health, Sports & Baby",11.99,marge@yahoo.com,2015-12-14
Lightweight Paper Hat,"Computers, Games & Kids",28.63,tyreek_cremin@gmail.com,2015-12-26
Sleek Iron Bench,Home,12.77,felicia@yahoo.com,2016-01-01
Heavy Duty Leather Coat,"Electronics, Music & Beauty",78.8,hollis_schumm@gmail.com,2015-12-31
Awesome Silk Knife,Shoes & Health,18.98,emmitt.schmeler@gmail.com,2015-12-22
Fantastic Aluminum Watch,Tools,9.7,dawson.murphy@gmail.com,2016-01-09
Incredible Wooden Clock,Sports,36.72,colton.heaney@hotmail.com,2015-12-23
Awesome Marble Chair,Movies & Electronics,30.02,candida@yahoo.com,2016-01-01
Small Bronze Computer,Garden & Jewelery,49.94,soledad.cronin@gmail.com,2016-01-06
Gorgeous Wooden Clock,"Electronics, Kids & Toys",97.36,robin.greenfelder@hotmail.com,2016-01-01
Sleek Bronze Plate,"Kids, Health & Garden",51.92,claudine_bode@yahoo.com,2016-01-05
Lightweight Copper Table,"Grocery, Shoes & Garden",65.69,niko.stracke@hotmail.com,2016-01-07
Small Granite Car,Shoes,93.53,mya_bednar@gmail.com,2016-01-02
Mediocre Plastic Gloves,Industrial,79.9,letitia.abernathy@hotmail.com,2016-01-03
Aerodynamic Wooden Lamp,Beauty,8.28,clifford.aufderhar@gmail.com,2015-12-30
Aerodynamic Rubber Computer,Jewelery & Grocery,97.06,isai_mayert@yahoo.com,2015-12-20
Awesome Paper Bag,Electronics,20.95,zion.marquardt@gmail.com,2015-12-16
Aerodynamic Rubber Knife,Garden & Electronics,36.27,haven_wuckert@hotmail.com,2015-12-30
Mediocre Rubber Watch,Home,3.26,chaz_bartell@gmail.com,2016-01-03
Awesome Granite Keyboard,"Tools, Sports & Games",42.47,willie.auer@yahoo.com,2016-01-01
Rustic Copper Gloves,Garden & Industrial,95.98,corbin_heidenreich@hotmail.com,2016-01-11
Mediocre Iron Clock,"Games, Health & Baby",0.53,milo_simonis@yahoo.com,2015-12-30
Aerodynamic Wool Bench,"Outdoors, Clothing & Baby",24.59,kenny@hotmail.com,2015-12-24
Ergonomic Concrete Computer,Grocery & Baby,37.13,drew.ratke@hotmail.com,2016-01-04
Lightweight Cotton Bottle,Electronics,62.91,casandra_flatley@hotmail.com,2015-12-17
Aerodynamic Iron Wallet,Books & Sports,71.9,phyllis_kertzmann@gmail.com,2015-12-19
Durable Paper Knife,Tools,23.55,osvaldo_hoppe@yahoo.com,2016-01-01
Incredible Wool Bottle,"Movies, Garden & Shoes",26.37,orville@hotmail.com,2015-12-23
Small Paper Bag,"Automotive, Baby & Grocery",2.98,jefferey_grimes@yahoo.com,2015-12-25
Small Silk Knife,"Games, Shoes & Garden",80.02,jasper@gmail.com,2015-12-30
Durable Marble Plate,"Electronics, Health & Games",11.03,timmy@yahoo.com,2015-12-19
Heavy Duty Wooden Wallet,Automotive & Sports,85.63,elta@gmail.com,2015-12-31
Incredible Bronze Bottle,Grocery & Toys,86.17,madonna_wilkinson@yahoo.com,2015-12-12
Small Wooden Table,"Shoes, Garden & Grocery",5.97,eddie.lindgren@hotmail.com,2015-12-17
Fantastic Cotton Car,Clothing & Tools,88.2,kiarra@hotmail.com,2016-01-11
Mediocre Linen Bench,Computers,97.7,nathanial@gmail.com,2015-12-17
Durable Wool Shirt,Garden & Electronics,82.3,hershel_osinski@yahoo.com,2016-01-01
Mediocre Cotton Gloves,"Shoes, Health & Books",69.38,glennie@gmail.com,2015-12-25
Rustic Linen Wallet,Kids & Movies,6.25,pinkie@hotmail.com,2016-01-06
Lightweight Rubber Lamp,Grocery,49.31,cali_mueller@gmail.com,2015-12-18
Practical Silk Chair,Sports & Jewelery,30.19,hester@yahoo.com,2015-12-16
Incredible Linen Bench,Beauty & Computers,7.12,geovanny_hickle@hotmail.com,2015-12-23
Practical Wooden Table,"Tools, Home & Industrial",21.63,eden_hagenes@hotmail.com,2015-12-14
Ergonomic Copper Hat,"Computers, Electronics & Shoes",36.67,aleandra@yahoo.com,2015-12-22
Gorgeous Leather Chair,"Outdoors, Home & Beauty",85.97,alycia_schmeler@gmail.com,2015-12-12
Synergistic Concrete Computer,Automotive,92.17,mikel_miller@hotmail.com,2015-12-22
Mediocre Concrete Computer,Games & Shoes,64.53,nathanael@hotmail.com,2016-01-07
Fantastic Concrete Bench,Games & Jewelery,64.06,fredy@yahoo.com,2015-12-28
Small Copper Pants,Shoes & Grocery,41.71,jacquelyn_krajcik@hotmail.com,2015-12-19
Awesome Steel Knife,Home,68.58,amara@yahoo.com,2016-01-02
Ergonomic Granite Bench,"Shoes, Garden & Baby",99.87,gaetano_wunsch@hotmail.com,2015-12-27
Mediocre Bronze Gloves,Sports & Games,1.9,june@gmail.com,2016-01-02
Mediocre Wool Plate,Electronics & Outdoors,46.73,pasquale.murphy@hotmail.com,2015-12-14
Small Linen Chair,"Automotive, Electronics & Industrial",94.78,bettye@yahoo.com,2015-12-31
Fantastic Steel Gloves,Movies & Jewelery,72.25,oceane@gmail.com,2015-12-14
Synergistic Rubber Gloves,Sports,44.41,travon_ward@hotmail.com,2016-01-07
Ergonomic Aluminum Bottle,Kids & Music,49.49,fernando@gmail.com,2016-01-03
Rustic Linen Shirt,Toys,22.03,priscilla@hotmail.com,2016-01-01
Fantastic Steel Lamp,Beauty,29.55,alyon_steuber@hotmail.com,2015-12-15
Sleek Copper Pants,Home,8.3,alec@hotmail.com,2015-12-29
Sleek Aluminum Pants,Books & Industrial,87.75,salma@yahoo.com,2016-01-01
Incredible Marble Shirt,Outdoors & Jewelery,88.7,nels@hotmail.com,2016-01-10
Intelligent Leather Car,"Automotive, Beauty & Music",9.71,madalyn.baumbach@hotmail.com,2015-12-27
Fantastic Wool Keyboard,Games & Health,71.67,montana@gmail.com,2015-12-20
Synergistic Bronze Wallet,Jewelery & Clothing,25.77,thora@yahoo.com,2016-01-05
Awesome Cotton Plate,Books,32.24,alize_monahan@gmail.com,2015-12-23
Lightweight Granite Computer,Beauty & Tools,32.05,mariane@gmail.com,2016-01-02
Mediocre Plastic Computer,Tools,23.87,maxime@gmail.com,2015-12-19
Practical Steel Chair,Kids,87.17,zane.bergstrom@yahoo.com,2016-01-04
Gorgeous Granite Car,Shoes,33.97,mekhi@hotmail.com,2015-12-26
Fantastic Cotton Wallet,Kids,13.14,peyton.schinner@gmail.com,2015-12-20
Sleek Cotton Hat,Outdoors,60.29,muriel@yahoo.com,2015-12-29
Ergonomic Rubber Wallet,"Electronics, Sports & Kids",34.34,kyla@gmail.com,2015-12-22
Heavy Duty Linen Table,Computers,18.9,conor_altenwerth@yahoo.com,2016-01-05
Ergonomic Concrete Shirt,Jewelery,95.07,haley@yahoo.com,2016-01-05
Small Cotton Chair,Beauty,33.23,rickie@hotmail.com,2016-01-06
Enormous Marble Shoes,"Grocery, Beauty & Jewelery",68.34,felipa@yahoo.com,2015-12-24
Aerodynamic Aluminum Wallet,Shoes,12.06,stephany@gmail.com,2015-12-15
Rustic Copper Chair,Outdoors & Grocery,8.44,laila.prohaska@hotmail.com,2016-01-02
Intelligent Wool Gloves,Games & Home,0.92,anderson@hotmail.com,2015-12-22
Incredible Steel Shoes,Movies,76.59,ezra_bergnaum@hotmail.com,2015-12-24
Synergistic Copper Plate,Electronics & Jewelery,23.38,adell@gmail.com,2016-01-08
Sleek Linen Bag,Music,74.47,jailyn.zemlak@hotmail.com,2015-12-21
Gorgeous Rubber Bench,"Kids, Outdoors & Games",61.09,carlo@yahoo.com,2015-12-18
Intelligent Marble Shoes,Sports & Music,93.43,megane@gmail.com,2015-12-16
Synergistic Leather Wallet,"Automotive, Baby & Jewelery",97.23,emilie_schaden@hotmail.com,2015-12-22
Sleek Iron Watch,"Baby, Tools & Kids",55.97,diamond.wuckert@gmail.com,2016-01-11
Small Paper Car,Jewelery,3.95,johnson@hotmail.com,2016-01-01
Gorgeous Marble Bottle,"Computers, Movies & Automotive",98.01,austyn@yahoo.com,2015-12-23
Awesome Linen Bench,Toys & Jewelery,16.42,margaretta@gmail.com,2015-12-28
Gorgeous Concrete Chair,Beauty & Health,38.08,gina.turner@yahoo.com,2016-01-09
Synergistic Steel Pants,Shoes,1.43,gordon_crona@yahoo.com,2015-12-14
Incredible Marble Bench,Toys & Beauty,98.56,billy@gmail.com,2015-12-30
Sleek Concrete Chair,"Grocery, Games & Outdoors",3.33,reece.roob@hotmail.com,2016-01-04
Lightweight Iron Hat,"Toys, Grocery & Books",50.47,gayle@yahoo.com,2015-12-28
Synergistic Marble Coat,Movies & Tools,23.02,laury@yahoo.com,2015-12-15
Fantastic Linen Pants,"Beauty, Books & Industrial",7.26,guido@yahoo.com,2016-01-06
Awesome Plastic Pants,Movies,15.79,rahul_douglas@hotmail.com,2016-01-02
Lightweight Paper Computer,Home,77.13,cornell@gmail.com,2015-12-31
Enormous Wooden Watch,Health,27.32,lavern@yahoo.com,2015-12-14
Fantastic Wool Bag,Sports,71.36,rosie@gmail.com,2015-12-18
Ergonomic Aluminum Hat,Movies & Outdoors,46.85,hollis@yahoo.com,2015-12-16
Rustic Silk Clock,"Industrial, Garden & Books",53.92,leta_wisoky@hotmail.com,2015-12-19
Synergistic Wooden Plate,Grocery,99.97,maximus@hotmail.com,2016-01-02
Awesome Bronze Lamp,Tools,44.11,rashawn_zieme@hotmail.com,2016-01-10
Sleek Silk Bag,Books & Jewelery,80.39,sarina_hayes@hotmail.com,2016-01-07
Ergonomic Silk Bag,Outdoors & Kids,97.23,diego@gmail.com,2016-01-05
Small Leather Table,"Outdoors, Shoes & Health",75.94,scot@hotmail.com,2016-01-07
Awesome Copper Lamp,Sports,23.76,pearlie@hotmail.com,2016-01-06
Enormous Leather Clock,Music,97.43,ignacio@gmail.com,2015-12-20
Fantastic Wool Wallet,Electronics,31.87,lauriane_zieme@gmail.com,2015-12-29
Fantastic Silk Hat,"Computers, Shoes & Electronics",63.63,chet.beahan@yahoo.com,2015-12-29
Practical Concrete Chair,Toys,12.74,sally_murray@hotmail.com,2015-12-31
